"Game ID";"Game Name"
"559736";" Mr. Dragon's Short Quest"
"18551";"'89 Denn Kysei Uranai"
"420831";"0-to-X"
"1658";"10-yard Fight"
"537743";"1000 Stars"
"420828";"1007 Bolts"
"1461";"1942"
"154884";"1942 Cold Winter"
"1468";"1943 - The Battle Of Midway"
"141314";"1944"
"18546";"1991 Du Ma Racing"
"535058";"1996 Yingyu CAI 3-in-1"
"18547";"1999 - Hore, Mita Koto Ka! Seikimatsu"
"367364";"2 in 1 Geminim-Siamond"
"97386";"2048"
"455204";"25th Anniversary Super Mario Bros."
"420897";"2600 AD"
"420891";"2A03 Puritans"
"44472";"3 In 1 Supergun"
"18548";"3-D WorldRunner"
"420888";"3-in-1 2p Pak"
"544367";"3-in-1 By Mankeli"
"44473";"3d Block"
"18549";"4 Nin Uchi Mahjong"
"541730";"5-STAR Restaurant"
"559025";"500"
"18550";"6 In 1"
"1726";"720 Degrees"
"1556";"8 Eyes"
"420927";"8-Bit Hero Trainer"
"434217";"8-Bit Slasher 4-in-1 Horror Demakes"
"420924";"8-BIT XMAS 2008"
"420942";"8-BIT XMAS 2009"
"420933";"8-BIT XMAS 2010"
"420939";"8-BIT XMAS 2011"
"420912";"8-BIT XMAS 2012"
"367368";"8-BIT XMAS 2013"
"367372";"8-BIT XMAS 2014"
"420915";"8-BIT XMAS 2015"
"420909";"8-BIT XMAS 2016"
"420906";"8-BIT XMAS 2017"
"367376";"8-BIT XMAS 2018"
"367380";"8-BIT XMAS 2019"
"367384";"8-BIT XMAS 2020"
"367388";"8-BIT XMAS 2021"
"420903";"8-BIT XMAS 2022"
"541547";"80's Bros. vs the Horde of Chewbaccy Balboa"
"429056";"8BIT MUSIC POWER"
"367392";"8Bit Music Power Final"
"367396";"8BIT Rhythm Land"
"1350";"Nightmare On Elm Street, A"
"59397";"A-Ressha De Ikou"
"18552";"Aa Yaky Jinsei Icchokusen"
"18553";"Abadox - The Deadly Inner War"
"143294";"Abarenradin"
"18554";"Action 52"
"191824";"Action 53 Volume 1"
"213538";"Action 53 Volume 2"
"213536";"Action 53 Volume 3"
"213534";"Action 53 Volume 4"
"136007";"Adam And Eve"
"1791";"Advanced Dungeons & Dragons - Dragons of Flame"
"1692";"Advanced Dungeons And Dragons - Dragon Strike"
"1521";"Adventure Island 3"
"1436";"Adventure Island 2"
"1342";"Adventure Island"
"143237";"Adventures Of Bass 2"
"1627";"Adventures of Dino Riki"
"143751";"Adventures Of Lex And Grim, The"
"1311";"Adventures of Lolo"
"1411";"Adventures of Lolo 2"
"1499";"Adventures of Lolo 3"
"420951";"Adventures of Panzer 2, The"
"367408";"Adventures of Panzer, The"
"559715";"Adventures Of Spaceman BIT, The"
"1583";"Adventures Of Tom Sawyer"
"1586";"After Burner"
"420948";"AfterWorld DELUXE"
"18558";"Ai Sensei No Oshiete - Watashi No Hoshi"
"134946";"Ai Senshi Nicol"
"59412";"Aigina No Yogen - Balubalouk No Densetsu Yori"
"1427";"Air Fortress"
"420945";"Air Sea Battle"
"59410";"Airball"
"1432";"Airwolf"
"117065";"Airwolf (Japanese Version)"
"18559";"Akagawa Jirou No Yuurei Ressha"
"538481";"Akai Ringo To Midori No Inko"
"1449";"Akira"
"18560";"Akuma-kun - Makai No Wana"
"1489";"Akumajou Special - Boku Dracula-kun"
"18563";"Al Unser Jr. Turbo Racing"
"1319";"Aladdin"
"367045";"Aladdin (Hummer Team Version)"
"124467";"Aladdin 2"
"141312";"Aladdin III"
"18844";"Corvette ZR-1 Challenge"
"421191";"Alex Islands"
"420957";"Alfonzo Game, The"
"420960";"Alfonzo Melee!"
"367412";"Alfonzo's Arctic Adventure"
"18561";"Alfred Chicken"
"1448";"Alien 3"
"552584";"Alien Cat 2"
"536984";"Alien Nah'topsy"
"1597";"Alien Syndrome"
"491336";"All Hell Unleashed"
"500387";"All Hell Unleashed V6 66"
"1650";"All Pro Basketball"
"420975";"Allison Of Astra - Allison Doesn't Go Hawaiian"
"420963";"Allison Of Astra - Allison's Booty Quest"
"420978";"Allison Of Astra - Allison's Scribble Quest"
"420966";"Allison Of Astra - Dodgeball RPG"
"420969";"Allison Of Astra - Finity Train"
"420984";"Allison Of Astra - Margarita"
"420972";"Allison Of Astra - Margarita Mix"
"420981";"Allison of Astra in - Timeless and Spaceless"
"420999";"Allison of Astra Starring in PRGE the Game"
"559028";"Allison's Amazing Activity Generator"
"421008";"Almika The Star Rider Densetsu Gaiden"
"420996";"Almost Hero"
"1508";"Alpha Mission"
"155538";"Alter Ego"
"420990";"Altercation"
"367416";"Alwa's Awakening"
"1666";"Amagon"
"152280";"Amazons Running Diet"
"59414";"America Daitouryou Senkyo"
"59415";"America Oudan Ultra Quiz - Shijou Saidai No Tatakai"
"18565";"American Dream"
"1636";"American Gladiators"
"421791";"Among Us - The Tragedy of Ryohyukan"
"109287";"Angry Birds 2"
"421011";"AngstMan Rebooted"
"420987";"Anguna - Scourge of the Goblin King"
"421023";"Animal Clipper"
"421029";"Animalia Dreamland"
"18567";"Ankoku Shinwa - Yamato Takeru Densetsu"
"421020";"Ankoro Mochi Manufacturing Factory"
"421017";"ANNA"
"551105";"Anna - The Magic Of Words"
"421050";"Antenna Antics"
"18568";"Anticipation"
"421041";"ANTR - Another NES Tetris Remake"
"494834";"AO"
"59417";"Aoki Ookami to Shiroki Mejika - Genchou Hishi"
"143234";"Apocalyptic Explosion"
"59418";"Arcadia  6"
"1744";"Arch Rivals - A Basketbrawl!"
"152214";"Architect"
"1729";"Archon"
"18569";"Arctic"
"71312";"Arctic Adventure - Penguin And Seal"
"562431";"Argon Dream"
"18570";"Argus"
"421047";"Arkade Rush"
"1401";"Arkanoid"
"1673";"Arkanoid 2"
"1713";"Arkista's Ring"
"540614";"Arlington Apple In An Interplanetary Pickle"
"421038";"Arm Wrestling Classic, The"
"18571";"Armadillo"
"367420";"Armed for Battle"
"18572";"Artelius"
"552635";"Artix"
"367424";"Asder - 20 in 1"
"421035";"Ashen House"
"18573";"Asmik-kun Land"
"421032";"Aspect Star 'N'"
"540215";"Assault!! On Planet Beezlbub"
"152215";"Assimilate"
"1331";"Astérix"
"421065";"Asteroids"
"1760";"Astro Fang - Super Machine"
"367428";"Astro Ninja Man"
"421059";"Astro Ninja Man DX"
"18574";"Astro Robo Sasa"
"421062";"Astro Smash 'n' Blast!"
"421056";"Astrosmash"
"1587";"Astyanax"
"421053";"Atari Flashback"
"1462";"Athena"
"18575";"Atlantis No Nazo"
"18576";"Attack Animal Gakuen"
"1389";"Attack Of The Killer Tomatoes"
"421068";"Auge"
"1786";"Aussie Rules Footy"
"65277";"Auto-upturn"
"65279";"Av Hanafuda Club"
"65280";"Av Kyuukyoku Mahjong 2"
"65281";"Av Mahjong Club"
"134947";"AV Mei Shao Nv Zhan Shi"
"535043";"AV Pachi-Slot - Big Chance"
"65283";"Av Poker"
"141313";"Av Super Real Pachinko"
"1904";"B-wings"
"421071";"Babel Blox"
"65285";"Babel No Tou"
"540695";"Baboom!"
"18577";"Baby Boomer"
"1422";"Back To The Future"
"1408";"Back To The Future Part 2 And 3"
"1344";"Bad Dudes vs. Dragon Ninja"
"1731";"Bad News Baseball"
"18578";"Bad Street Brawler"
"65286";"Baken Hisshou Gaku - Gate In"
"65287";"Bakushou! Star Monomane Shitennou"
"71315";"Bakushou!! Ai No Gekijou"
"18580";"Bakushou!! Jinsei Gekijou"
"71317";"Bakushou!! Jinsei Gekijou 2"
"71318";"Bakushou!! Jinsei Gekijou 3"
"152216";"Balda"
"456632";"Balda (BBG)"
"191861";"Ball N Flag"
"18584";"Ballblazer"
"1453";"Balloon Fight"
"65354";"Balloon Monster"
"421074";"Balloon Stand"
"65355";"Baltron"
"18585";"Banana"
"536159";"Banana Nana"
"1649";"Banana Prince"
"18614";"Bandai Golf - Challenge Pebble Beach"
"18586";"Bandit Kings Of Ancient China"
"421092";"Banketh, The"
"140530";"Bao Qing Tian"
"140529";"Bao Xiao Tien Guo"
"1579";"Barbie"
"65356";"Barcode World"
"1647";"Bard's Tale 2 - The Destiny Knight, The"
"421095";"Bare Metal"
"535463";"Bare Metal 2.0"
"1812";"Barker Bill's Trick Shooting"
"1766";"Baseball"
"65357";"Baseball Fighter"
"18587";"Baseball Simulator 1.000"
"1968";"Baseball Stars"
"18588";"Baseball Stars 2"
"1882";"Bases Loaded"
"18589";"Bases Loaded 3"
"1928";"Bases Loaded 4"
"1981";"Bases Loaded 2 - Second Season"
"421089";"Basic Championship Wrestling"
"214437";"Basse Def Adventures"
"421086";"Bat Lizard Bonanza"
"455600";"Batman - Shadows of Gotham"
"1298";"Batman - Return Of The Joker"
"1287";"Batman - The Video Game"
"1373";"Batman Returns"
"97411";"Batsu And Terry - Makyou No Tetsujin Race"
"540611";"Battery Chad - Shock The World"
"65359";"Battle Baseball"
"1509";"Battle Chess"
"1660";"Battle City"
"65360";"Battle Fleet"
"154256";"Battle Kid 2 - Mountain Of Torment"
"143218";"Battle Kid - Fortress Of Peril"
"540536";"Battle of Red Cliffs"
"65361";"Battle Stadium - Senbatsu Pro Yakyuu"
"65362";"Battle Storm"
"18590";"Battleship"
"191867";"Battletank 2000"
"1247";"Battletoads"
"1249";"Battletoads And Double Dragon"
"421083";"Battlezone"
"65363";"Bb Car"
"421080";"Be A Pirate"
"65364";"Be-bop-highschool - Koukousei Gokuraku Densetsu"
"540668";"Beastly Battalion"
"531206";"Beat 'n Box"
"421077";"Beat'em & Eat'em"
"487256";"Beatles, The - Adventures in Pepperland"
"1821";"Bee 52"
"367432";"Beerslinger"
"1454";"Beetlejuice"
"421113";"Berzerk"
"65365";"Best Keiba - Derby Stallion"
"1620";"Best Of The Best - Championship Karate"
"65367";"Best Play Pro Yakyuu"
"65366";"Best Play Pro Yakyuu '90"
"65368";"Best Play Pro Yakyuu 2"
"65369";"Best Play Pro Yakyuu Special"
"553871";"Beyond Frontier 5"
"421110";"Beyond the Pins"
"1741";"Bible Adventures"
"18591";"Bible Buffet"
"191863";"Big City Sliding Blaster"
"65370";"Big Nose And The Witchdoctor"
"18593";"Big Nose Freaks Out"
"1833";"Big Nose The Caveman"
"1641";"Bigfoot"
"18594";"Bikkuriman World - Gekitou Sei Senshi"
"1681";"Bill And Ted's Excellent Video Game Adventure"
"1690";"Bill Elliott's Nascar Challenge"
"421101";"Billionaire Banshee"
"1832";"Binary Land"
"140528";"Bing Kuang Ji Dan Zi - Flighty Chicken"
"65372";"Bingo 75"
"65373";"Bio Force Ape"
"117223";"Bio Hazard"
"1536";"Bio Miracle Bokutte Upa"
"18595";"Bio Senshi Dan - Increaser Tono Tatakai"
"421104";"Biocats"
"1324";"Bionic Commando"
"18596";"Bird Week"
"140538";"Black Bass (japan), The"
"421098";"Black Box Challenge"
"191869";"Black Dragon"
"421116";"Black Jewel Reborn"
"18598";"Blackjack"
"97387";"Blade Buster"
"1514";"Blades Of Steel"
"1474";"Blaster Master"
"540656";"Blazing Blocks"
"421128";"Blazing Rangers"
"540686";"Blazing Rescue"
"421122";"Blob Land"
"549476";"Blob Man"
"535469";"Blob Quest"
"421125";"Blobert"
"421134";"Block Dude"
"535451";"Block Force"
"78564";"Block Out"
"531188";"Block Puzzle"
"421119";"Blockage"
"65374";"Blodia Land - Puzzle Quest"
"421152";"Bloodfall"
"18600";"Bloody Warriors - Shan Go No Gyakush"
"367440";"Blow'em Out!"
"421149";"Blurred Lines 2048"
"18601";"Bo Jackson Baseball"
"434373";"Boat Race"
"421146";"Bobby Six Seven - Time Traveling Detective"
"213969";"BOBL"
"535430";"Bogen"
"18602";"Bokosuka Wars"
"192728";"Boku Koku Shuu Kin"
"535439";"Bollywood 2007"
"499211";"Bomb Panic"
"558428";"Bomber 4K"
"535466";"Bomber Boy"
"1337";"Bomberman"
"1482";"Dynablaster"
"143359";"Bombsweeper"
"1781";"Bonk's Adventure"
"18604";"Booby Kids"
"117224";"Boogerman"
"536144";"Boogerman 2 - The Final Adventure"
"78565";"Booky Man"
"536156";"Boomerang Kid"
"172107";"Bootee"
"1357";"Boulder Dash"
"434365";"Bounce"
"421158";"Bovinium Quest - Batteries Not Included"
"535031";"Bowels Of The Beast"
"154257";"Box Boy"
"540683";"Box, The"
"540653";"Boxgame"
"537023";"Boxing Soccer"
"1365";"Bram Stoker's Dracula"
"421143";"Brandon, You're Going To HELL!"
"18606";"Break Time - The National Pool Tour"
"421140";"Breakout"
"18605";"Breakthru"
"535448";"Brick Breaker"
"191864";"Brilliant Com Cocoma Pack 1"
"150816";"Brilliant Com Pack 2"
"367444";"Brilliant Pebbles"
"421137";"Brony Blaster"
"65376";"Brush Roller"
"18607";"Bubble Bath Babes"
"1304";"Bubble Bobble"
"1761";"Bubble Bobble - Part 2"
"1510";"Bucky O'hare"
"191865";"Bugtris"
"1795";"Bump 'n' Jump"
"1361";"Burai Fighter"
"18608";"Burgertime"
"543110";"Burn 'em Down"
"535064";"Burnin Rubber"
"65379";"Business Wars"
"421173";"Bust A Nut - The Flight of the Harbinger"
"421176";"Bustina and the Search for Booty"
"536732";"Button Smasher"
"71440";"Buzz And Waldog"
"1709";"Cabal"
"65381";"Cadillac"
"1813";"Caesars Palace"
"551144";"Caged Fury"
"421170";"cajoNES"
"1491";"California Games"
"213506";"Caltron : 9 in 1"
"421167";"Candelabra - Estoscerro"
"434213";"Candyman - Be My Victim"
"421164";"Canyon Bomber"
"97412";"Capcom's Gold Medal Challenge '92"
"555773";"Caper Alone"
"1762";"Captain America And The Avengers"
"1659";"Captain Comic - The Adventure"
"65387";"Captain Ed"
"1421";"Captain Planet And The Planeteers"
"1745";"Captain Silver"
"1385";"Captain Skyhawk"
"65388";"Captain Tsubasa Vol. 2 - Super Striker"
"551216";"Carmilla"
"421179";"Carpet Shark"
"65389";"Casino Derby"
"1930";"Casino Kid"
"1969";"Casino Kid 2"
"65390";"Castelian"
"18610";"Castle Of Deceit"
"18611";"Castle Of Dragon"
"109288";"Castle Quest"
"71327";"Castlequest"
"1268";"Castlevania"
"151188";"Castlevania - Blood Moon"
"136576";"Castlevania - Chorus Of Mysteries"
"154887";"Castlevania - Overflow Darkness"
"1281";"Castlevania 2 - Simon's Quest"
"1278";"Castlevania 3 - Dracula's Curse"
"540701";"Cat Hero"
"540680";"Catmercs - Big Bug Invasion"
"551153";"Catventure - The Red Cat Quest"
"421182";"Cave Driller"
"1905";"Caveman Games"
"421212";"Centipede"
"536729";"Cha Cha Cha"
"18613";"Chack'n Pop"
"1822";"Challenge of the Dragon (Color Dreams Version)"
"136575";"Challenge Of The Dragon (sachen)"
"18615";"Challenger"
"555626";"Championship 2015"
"1906";"Championship Bowling"
"1965";"Championship Lode Runner"
"18616";"Championship Pool"
"1907";"Championship Rally"
"421209";"Chaos Between Realms"
"18617";"Chaos World"
"97388";"Chase"
"545201";"Chasing Bottaflies"
"540629";"Chasse Aux Pipayons, La"
"421215";"CHE-MAN"
"421206";"Cheetahmen - The Creation"
"71328";"Cheetahmen 2"
"421203";"Cheril in Cadaverion"
"421200";"Cheril in the Cave"
"202430";"Cheril Perils Classic"
"421197";"Cheril the Goddess"
"421233";"Cheril the Writer"
"549083";"Chess"
"65393";"Chess Academy"
"537068";"Chessnovice"
"537071";"Chessnovice"
"71329";"Chester Field - Ankoku Shin E No Chousen"
"65395";"Chibi Maruko-chan - Uki Uki Shopping"
"421239";"Chibi Monster Br4wl"
"421221";"Chicken of the Farm"
"558995";"Chicky's Easter Egg Hunt"
"65396";"Chiisana Obake - Acchi Socchi Kocchi"
"65397";"Chik Bik Ji Jin - Saam Gwok Ji"
"1767";"Chiller"
"124468";"China Rabbit Baby"
"65398";"Chinese Checkers"
"1314";"Chip 'n Dale - Rescue Rangers"
"1382";"Chip 'n Dale - Rescue Rangers 2"
"136578";"Chip And Dale 3"
"78566";"Chip's Challenge"
"421230";"Chiptune Hell"
"65400";"Chiyonofuji No Ooichou"
"535073";"Chongwu Baobao"
"535130";"Chongwu Da Jiazu - Buluo Fenzheng"
"535133";"Chongwu Gaoda Zhan Ji"
"535034";"Chongwu Jinhua Shi"
"18619";"Choplifter"
"1903";"Chou Fuyuu Yousai Exed Exes"
"65401";"Choujikuu Yousai - Macross"
"18620";"Choujin Sentai Jetman"
"18897";"Four Players' Tennis"
"558989";"Christmas Crisis 2"
"422436";"Chrono Trigger - Shikong Zhi Lun"
"421224";"ChronoKnight"
"141319";"Chu Da D"
"141321";"Chu Han Zheng Ba - The War Between Chu And Han"
"141320";"Chu Liu Xiang"
"18621";"Chubby Cherub"
"537089";"ChuChu Rocket!"
"78567";"Chuck Yeager's Fighter Combat"
"421236";"Chumlee's Adventure - The Quest for Pinky"
"421227";"Chunkout 2"
"65414";"Chuugoku Janshi Story - Tonpuu"
"65415";"Chuugoku Senseijutsu"
"65416";"Chuugoku Taitei"
"65456";"Chuuka Taisen"
"18622";"Circus Caper"
"434369";"Circus Chablite (Circus Charlie)"
"1548";"Circus Charlie"
"1944";"City Adventure Touch - Mystery Of Triangle"
"1956";"City Connection"
"540551";"City Patrolman"
"421218";"City Trouble"
"536165";"CJ's Elephant Antics"
"1796";"Clash At Demonhead"
"1931";"Classic Concentration"
"1840";"Cliffhanger"
"537281";"Closeout"
"421251";"Closing In! Barney's Daring Escape"
"537080";"Clouds 'n Crows"
"1528";"Clu Clu Land"
"1818";"Cobra Command"
"152294";"Cobra Mission"
"434317";"Cobra of Sky"
"1458";"Cobra Triangle"
"65457";"Cocoron"
"1797";"Code Name - Viper"
"421257";"Coffin Pauper"
"421254";"Coin World"
"537815";"Cold And Starving"
"18623";"Color A Dinosaur"
"65458";"Columbus - Ougon No Yoake"
"540650";"Columns"
"540218";"Commander Pango And The Pyramid Aliens Of Pyramidonia"
"1493";"Commando"
"141322";"Commandos"
"421260";"Commie Killer"
"1727";"Conan"
"421245";"Concentration Room"
"1932";"Conflict"
"540608";"Connect 4"
"1622";"Conquest Of The Crystal Palace"
"434393";"Conte Enegy"
"18624";"Contra"
"153297";"Contra 1993"
"1393";"Contra Force"
"136579";"Contra Spirits"
"421242";"ConTroll"
"421266";"Convention Quest"
"535436";"Convoy, The"
"536192";"Conway's Game Of Life"
"421281";"Cookie Clicker"
"18625";"Cool World"
"554084";"CoOperating System"
"421284";"Copper Jacket"
"421269";"CORGS Simulator"
"421275";"Cornball Cocksuckers"
"78563";"Corre Benny"
"1883";"Cosmic Epsilon"
"18627";"Cosmic Wars"
"65459";"Cosmo Police Galivan"
"65460";"Cosmos Cop"
"1975";"Cowboy Kid"
"214474";"Cowlitz Gamers 2nd Adventure"
"421272";"Cowlitz Gamers Adventure, The"
"421299";"Cowlitz Gamers' Lost Adventure, The"
"499193";"Crab Carry The Flag"
"18628";"Crackout"
"421296";"Crap Job!"
"1679";"Crash'n The Boys Street Challenge"
"542207";"Crash Bandicoot"
"562134";"Crater Song"
"65461";"Crayon Shin-chan - Ora To Poi Poi"
"18629";"Crazy Climber"
"1852";"Trolls In Crazyland, The"
"421311";"CrazyBus"
"65462";"Creatom"
"421302";"Creeping It Reel"
"367448";"Creepy Brawlers"
"562500";"Creogic - The Game"
"540674";"Crestfallen"
"535445";"Crillion"
"65463";"Crime Busters"
"1834";"Crisis Force"
"421293";"Critical Match"
"65464";"Cross Fire"
"421305";"Cross-Strait Independence"
"537056";"Crossbow"
"421290";"CrossPaint"
"421287";"Crowborg"
"421326";"Crypto"
"421320";"Crypto-Fascist"
"421323";"Crystal Castles"
"1667";"Crystal Mines"
"1538";"Crystalis"
"421329";"CUBE"
"545168";"Cult Of The Voodoo Ninjas"
"540623";"Curse Of The Shadow"
"540221";"Cursed Crown"
"538334";"Cursed Village"
"1849";"Cyber Stadium SerieS - Base Wars"
"1957";"Cyberball"
"421317";"Cyberblade"
"1959";"Cybernoid - The Fighting Machine"
"65465";"Cycle Race - Road Man"
"559016";"Cygnus Force"
"421314";"CYO"
"143200";"D-pad Hero"
"153244";"D-pad Hero 2"
"551093";"D-Society"
"142043";"D.j. Boy"
"535013";"Da Fuweng 2 - Shanghai Daheng"
"153239";"Da Hua Xi You"
"544397";"Da Xieke - Chuliuxiang"
"421332";"DABG - Double Action Blaster Guys"
"535046";"Dahua Sanguo"
"535121";"Dahua Shuihu"
"1570";"Dai 2 Ji Super Robot Taisen"
"65470";"Dai Meiro - Meikyu No Tatsujin"
"65467";"Daikaijuu Deburas"
"65469";"Daiku No Gen-san 2 - Akage No Dan No Gyakushuu"
"65471";"Daisenryaku"
"65472";"Daiva - Imperial Of Nirsartia"
"1850";"Dance Aerobics"
"143276";"Dance Xtreme - Prima"
"65473";"Dancing Blocks"
"421335";"Dangeon"
"499166";"Dangerous PENPEN (Family BASIC)"
"18630";"Danny Sullivan's Indy Heat"
"65475";"Dark Lord"
"536696";"Dark Seed - Heian Zhi Gu"
"1864";"Darkman"
"124469";"Darkseed"
"1750";"Dash Galaxy In The Alien Asylum"
"421344";"Data East All-Star Collection"
"65476";"Datach - Battle Rush - Build Up Robot Tournament"
"1353";"Datach - Dragon Ball Z, Gekitou Tenkaichi Budoukai"
"65477";"Datach - J League Super Top Players"
"65478";"Datach - Sd Gundam - Gundam Wars"
"65479";"Datach - Ultraman Club - Supokon Fight!"
"65480";"Datach - Yu Yu Hakusho - Bakutou Ankoku Bujutsukai"
"1438";"David Crane's A Boy and His Blob - Trouble on Blobolonia"
"1851";"Day Dreamin Davey"
"1400";"Days Of Thunder"
"415975";"Days of Thunder (Unpublished) (Chris Oberth)"
"537008";"DC26-6502 - Brainfuck Interpreter"
"545207";"Ddream Ddiver"
"18633";"De-block"
"421341";"Dead Tomb"
"1751";"Deadly Towers"
"487253";"Deadpool"
"1722";"Death Race"
"18632";"Deathbots"
"65489";"Decathlon"
"421338";"Deckard"
"71338";"Deep Dungeon 3 - Yuushi E No Tabi"
"18634";"Deep Dungeon 4 - Kuro No Yjutsushi"
"1262";"Defender 2"
"1423";"Defender Of The Crown"
"1976";"Defenders Of Dynatron City"
"1990";"Déjà Vu"
"559010";"Delirium"
"124471";"Demogorgon Monk"
"1770";"Demon Sword"
"540248";"DemonDistrict"
"421359";"Depths"
"65491";"Derby Stallion - Zenkoku Ban"
"1884";"Desert Commander"
"535499";"Desert Escape!"
"421371";"Desert Falcon"
"558983";"Desert Of The Undead - New Frontiers"
"535520";"Desert Storm - Nightmare Snaps Soul"
"1885";"Destination Earthstar"
"1908";"Destiny Of An Emperor"
"99401";"Destructor, El"
"421365";"Deth Complex 2"
"421353";"Deth Complex!"
"65492";"Devil Man"
"1619";"Devil World"
"65493";"Dezaemon"
"153240";"Di 4 Ci - Ji Qi Ren Dai Zhan"
"153241";"Di Dao Zhan"
"544400";"Di Shi Tian"
"192087";"Diablo"
"535496";"Diablobetes"
"143314";"Dian Shi Ma Li"
"535517";"Dianshi Mali - Big TV Mary Bar"
"1691";"Dick Tracy"
"1527";"Hard, Die"
"560237";"DIG"
"1642";"Dig Dug"
"1771";"Dig Dug 2 - Trouble In Paradise"
"18635";"Digger T. Rock - Legend Of The Lost City"
"71342";"Digital Devil Story - Megami Tensei"
"1710";"Digital Devil Story - Megami Tensei 2"
"192731";"Digital Dragon"
"191825";"Dikki Paingun In - Tko For The Third Reich"
"421350";"Dimension Shift"
"78568";"Dino-hockey"
"549521";"Dino NES"
"1623";"Dirty Harry"
"1384";"Adventures In The Magic Kingdom"
"71344";"Disney's Darkwing Duck"
"71346";"Disney's Ducktales 2"
"1263";"Disney's Ducktales"
"18636";"Disney's Beauty And The Beast"
"1477";"Disney's TaleSpin"
"1487";"Disney's The Little Mermaid"
"535427";"Diveman"
"538349";"Dizzy - Melanchony Of Existance - Chapter 0"
"421356";"Dizzy Sheep Disaster"
"1865";"Dizzy The Adventurer"
"65494";"Dokuganryuu Masamune"
"18639";"Don Doko Don"
"18640";"Don Doko Don 2"
"65495";"Donald Duck"
"108695";"Donald Land"
"540665";"Dong"
"65496";"Dong Dong Nao 1"
"65497";"Dong Dong Nao 2 - Guo Zhong Ying Wen"
"536417";"Dongfang De Chuanshuo Zhi Fengyin Dao"
"535124";"Dongzhou Lie Guozhi"
"1306";"Donkey Kong"
"1377";"Donkey Kong 3"
"18641";"Donkey Kong Classics"
"124472";"Donkey Kong Country 4"
"1351";"Donkey Kong Jr."
"18642";"Donkey Kong Jr. + Jr. Math Lesson"
"1989";"Donkey Kong Jr. Math"
"421347";"Donsol"
"421380";"Doodle World"
"136580";"Dooly Bravo Land"
"18643";"Door Door"
"540689";"Doppel Effect"
"71350";"Doraemon"
"18715";"Doraemon - Giga Zombie No Gyakushuu"
"65498";"Dou Zhi Pin Pan - Wisdom Boy"
"1927";"Double Dare"
"1284";"Double Dragon"
"143316";"Double Dragon 4"
"1277";"Double Dragon 2 - The Revenge"
"1379";"Double Dragon 3 - The Sacred Stones"
"1593";"Double Dribble"
"18644";"Double Moon Densetsu"
"1945";"Double Strike - Aerial Attack Force"
"65499";"Dough Boy"
"18645";"Downtown Nekketsu Koushinkyoku - Soreyuke Daiundoukai"
"1886";"Downtown Special - Kunio-kun No Jidaigeki Dayo Zenin Shuugou!"
"1652";"Dr Chaos"
"173084";"Dr Jekyll And Mr Hyde"
"1340";"Dr. Mario"
"65500";"Drac's Night Out"
"1387";"Dragon Ball - Daimaou Fukkatsu"
"1349";"Dragon Ball 3 - Gokuuden"
"1283";"Dragon Ball - Shen Long No Nazo"
"18646";"Dragon Ball Z - Kyoshu! Saiyajin"
"124473";"Dragon Ball Z - Super Butouden 2"
"1430";"Dragon Ball Z 2 - Gekishin Freeza"
"1380";"Dragon Ball Z 3 - Ressen Jinzou Ningen"
"153243";"Dragon Ball Z 4-in-1"
"155040";"Dragon Ball Z 5"
"1416";"Dragon Ball Z Gaiden - Saiyajin Zetsumetsu Keikaku"
"367460";"Dragon Boat Festival"
"18647";"Dragon Buster"
"18648";"Dragon Buster 2 - Yami No Fuuin"
"421383";"Dragon Feet"
"1714";"Dragon Fighter"
"189051";"Dragon Knife"
"421377";"Dragon Leap"
"536141";"Dragon Master"
"554765";"Dragon Pervert By Spooky Kids"
"153343";"Dragon Quest 8"
"543107";"Dragon Running"
"65503";"Dragon Scroll - Yomigaerishi Maryuu"
"1561";"Dragon Spirit - The New Legend"
"18650";"Dragon Warrior"
"18651";"Dragon Warrior 2"
"18652";"Dragon Warrior 3"
"18653";"Dragon Warrior 4"
"1879";"Dragon Wars"
"1333";"Dragon's Lair"
"124474";"Dragon, The"
"143361";"Dragoon X Omega"
"143363";"Dragoon X Omega 2"
"421374";"Draiocht"
"539900";"Dream Demons"
"421404";"Dream Dog Dilemma"
"535526";"Dream Fighter"
"78518";"Dream Master"
"78569";"Dreamworld Pogie"
"97389";"Driar"
"421407";"Drift Trial"
"543113";"Dringle"
"1708";"Dropzone"
"560234";"Drunk Time Traveler's Fiancee, The"
"1260";"Duck Hunt"
"78516";"Duck Maze"
"421401";"Duck Tails"
"421410";"Duckstroma"
"536978";"Dude - The Deck Swabber"
"1933";"Dudes With Attitude"
"421398";"Dungeon Explorer"
"78517";"Dungeon Kid"
"1535";"Dungeon Magic"
"421395";"Dungeons & Daimyo!"
"367464";"Dungeons &amp; Doomknights"
"153242";"Duo Bao Xiao Ying Hao - Guang Ming Yu An Hei Chuan Shuo"
"540698";"Durandal - The Knight Of Gunsmoke"
"367468";"Dushlan"
"1823";"Dusty Diamond's All-star Softball"
"18655";"Dynamite Bowl"
"1887";"Dynowarz - The Destruction Of Spondylus"
"421389";"E.T. - The Extra Terrestrial"
"136581";"Earthworm Jim 2"
"124483";"Earthworm Jim 3"
"553793";"Eatfish"
"552443";"Echoes Of The Unread"
"421428";"Eelectric"
"537050";"Egg World"
"109289";"Egger Land - Meikyuu No Fukkatsu"
"1909";"Egypt"
"421422";"Electronic Sweet-N-Fun Fortune Teller"
"542663";"Elemental"
"1643";"Elevator Action"
"535127";"Elfland"
"1946";"Eliminator Boat Duel"
"1309";"Elite"
"18659";"Elnark No Zaihou"
"78520";"Elysion"
"555917";"Ember Hollow"
"78521";"Emoyan No 10 Bai Pro Yakyuu"
"200273";"English, Pyramid"
"367472";"Enigmacore"
"421425";"Enormous Adventures"
"559034";"Enter Password"
"18658";"Erika To Satoru No Yume Bken"
"79327";"Escape from Atlantis"
"537803";"Escape From Flooded Ruins"
"540224";"Escape From Paradise"
"166763";"Escape From Pong"
"367476";"Eskimo Bob Starring Alfonzo"
"78522";"Esper Bouken Tai"
"71367";"Esper Dream 2 - Arata Naru Tatakai"
"421419";"Espitene"
"421416";"Espitenen und Herr Pimponen"
"421413";"Eternal GladNES"
"421440";"Euchre"
"153238";"Europe Sensen"
"143365";"Evil Dead"
"1371";"Excitebike"
"78523";"Exciting Boxing"
"1910";"Exerion"
"143366";"Exerion 2"
"421443";"Exit Loop"
"1674";"Exodus - Journey To The Promised Land"
"542396";"Exotic Soul"
"421437";"Expedition"
"79328";"Exploding Fist"
"367484";"Eyra - The Crow Maiden"
"1668";"F-117a Stealth Fighter"
"1866";"F-15 City Wars"
"1638";"F-15 Strike Eagle"
"536717";"F-16 Renegade"
"421452";"F-FF"
"421449";"F-Theta"
"1702";"F1 Circus"
"1742";"F1 Race"
"143317";"Facemaker"
"421446";"Fairyland Story, The"
"536177";"Falldown"
"421434";"Falling"
"421473";"Falling Tiles"
"421470";"Famicom de Pon"
"78462";"Famicom Doubutsu Seitai Zukan! - Katte Ni Shirokuma - Mori O Sukue No Maki!"
"78524";"Famicom Igo Nyuumon"
"1749";"Famicom Jump - Eiyuu Retsuden"
"1848";"Famicom Jump 2 - Saikyou No 7 Nin"
"78525";"Famicom Meijin Sen"
"78526";"Famicom Shougi - Ryuuousen"
"78527";"Famicom Top Management"
"1608";"Famicom Wars"
"78528";"Famicom Yakyuu Ban"
"542054";"Famicom Yarou Vol.1"
"541529";"Famidash"
"421500";"FamiDepth"
"71374";"Family Basic"
"18663";"Family Circuit"
"71375";"Family Circuit '91"
"18664";"Family Feud"
"71518";"Family Fun Fitness - Stadium Events"
"1631";"Athletic World"
"78542";"Family Jockey"
"78541";"Family Mahjong"
"78545";"Family Mahjong 2 - Shanghai E No Michi"
"175751";"Family Noraebang"
"367496";"Family Picross"
"78543";"Family Quiz - 4-nin Wa Rival"
"79360";"Family School"
"71378";"Family Tennis"
"78546";"Family Trainer 10 - Rairai Kyonsees"
"78547";"Family Trainer 4 - Jogging Race"
"78548";"Family Trainer 5 - Meiro Daisakusen"
"78549";"Family Trainer 8 - Totsugeki! Fuuun Takeshi-jou"
"78550";"Family Trainer 9 - Fuuun Takeshi-jou 2"
"78540";"Famista '89 - Kaimaku Ban!!"
"78539";"Famista '90"
"78538";"Famista '91"
"78537";"Famista '92"
"78536";"Famista '93"
"78535";"Famista '94"
"79361";"Fan Kong Jing Ying"
"536153";"Fangkuai Zongdongyuan"
"18665";"Fantasy Zone"
"416431";"Fantasy Zone (Sunsoft)"
"18666";"Fantasy Zone 2"
"18667";"Faria - A World Of Mystery And Danger!"
"421461";"Farming Mushrooms in LOWAS"
"421455";"Farpoint - Toys Matter"
"124484";"Fatal Fury 2"
"1303";"Faxanadu"
"421494";"Feline Flood Fiasco"
"1443";"Felix The Cat"
"191818";"Felix Vs Jerry"
"192715";"Feng Yin Dao"
"535037";"Fengkuang Jidan Zi - Flighty Chicken"
"18668";"Fengshenbang"
"535523";"Fengyun - Traitor Legend"
"559004";"Feral Perry's Peripheral Puzzle Quest"
"1669";"Ferrari Grand Prix Challenge"
"1343";"Fester's Quest"
"1947";"Field Combat"
"124485";"Fifa 97 International Soccer"
"535460";"Fighting for Supremacy"
"79362";"Fighting Hero"
"87626";"Fighting Hero 3"
"18669";"Fighting Road"
"421485";"Fighting Simulator - World Champ"
"421488";"File Fixers"
"421491";"Filthy Kitchen"
"1763";"Final Combat"
"1252";"Final Fantasy"
"1258";"Final Fantasy 2"
"107882";"Final Fantasy 3"
"140713";"Final Fantasy 5"
"71381";"Final Fantasy 7"
"1261";"Final Fantasy I.ii"
"559220";"Final Fantasy IV X1 - Dark Chapter"
"124486";"Final Fight 3"
"1868";"Final Lap"
"421497";"Fire and Rescue"
"87627";"Fire Dragon"
"1257";"Fire Emblem - Ankoku Ryu To Hikari No Tsurugi"
"1294";"Fire Emblem Gaiden"
"434389";"Fire Fighter"
"18670";"Firehawk"
"421482";"Fire of Rebellion"
"540227";"Firewall"
"540662";"Fish"
"555038";"Fish Story"
"1445";"Fisher-price - Firehouse Rescue"
"71384";"Fisher-price - I Can Remember"
"71385";"Fisher-price Perfect Fit"
"421479";"Fisraduth - Castle of Tyramis"
"1598";"Fist Of The North Star"
"544373";"Five Days"
"559019";"Five Nights At Freddy's"
"552395";"Flap Happy"
"18674";"Flappy"
"421518";"Flappy Jack"
"559013";"Flavehus"
"421515";"Flea!"
"560252";"Flea! 2"
"78534";"Fleet Commander"
"421512";"Flies"
"1880";"Flight Of The Intruder"
"59621";"Flipull - An Exciting Cube Game"
"421509";"Fluffy Space Escape"
"421506";"Fly A Way"
"1733";"Flying Dragon - The Secret Scroll"
"78533";"Flying Hero"
"1798";"Flying Warriors"
"540644";"Foals Creek"
"421545";"Food Fight"
"535067";"For The Birds 4"
"421533";"Forehead Block Guy"
"18675";"Formation Z"
"1644";"Formula 1 Sensation"
"18676";"Formula One - Built To Win"
"541718";"Fortuna"
"18677";"Fox's Peter Pan And The Pirates - The Revenge Of Captain Hook"
"1581";"Frankenstein - The Monster Returns"
"87629";"Free Fall"
"1814";"Freedom Force"
"421539";"Frenzy"
"1456";"Friday The 13th"
"421536";"Friday The 13th - Return To Camp Blood"
"421530";"Frog"
"558992";"Frog Adventure"
"262510";"From Below"
"1869";"Front Line"
"535040";"Fruit Shinobi"
"499235";"Fujiya Famicasse Series 3 - Thinking Game Collection"
"367500";"Full Quiet"
"1870";"Fun House"
"88101";"Funblaster Pack"
"421548";"Function"
"1844";"Fushigi No Umi No Nadia"
"18680";"Futebol"
"434349";"Future Tank"
"71388";"Fuzzical Fighter"
"540230";"G.A.S. - Gas Attendant Simulator"
"1824";"G.i. Joe - A Real American Hero"
"1589";"G.i. Joe - The Atlantis Factor"
"1977";"Gaiapolis"
"421527";"Galactic Ascension"
"18683";"Galactic Crusader"
"1531";"Galaga"
"1723";"Galaxian"
"153236";"Galaxxon - The Third War"
"1661";"Galaxy 5000 - Racing in the 51st Century"
"143367";"Galaxy Nes"
"189132";"Galaxy Patrol Enhanced"
"367504";"Galf"
"88102";"Gambler Jiko Chuushinha - Mahjong Game"
"88299";"Gambler Jiko Chuushinha 2"
"421542";"Game Gyaru EX"
"88300";"Game Party"
"540692";"GameOnExpo Retro Championships 2015"
"109290";"Ganbare Goemon 2"
"18685";"Ganbare Goemon Gaiden - Kieta Ougon Kiseru"
"18684";"Ganbare Goemon Gaiden 2 - Tenka No Zaihou"
"1596";"Ganbare Goemon! Karakuri Douchuu"
"88301";"Ganbare Pennant Race!"
"88302";"Ganso Saiyuuki - Super Monkey Daibouken"
"204525";"Gaplus"
"421524";"Garbage Pail Kids - Mad Mike and the Quest for Stale Gum"
"191957";"Gardman"
"18686";"Garfield No Isshkan - A Week Of Garfield"
"71396";"Gargoyle's Quest 2"
"143202";"Garou Densetsu Special"
"18687";"Garry Kitchen's Battletank"
"143368";"Gary's Nuts"
"1412";"Gauntlet"
"1328";"Gauntlet 2"
"88303";"Gegege No Kitarou 2 - Youkai Gundan No Chousen"
"1948";"Geimos"
"88304";"Gekitotsu Yonku Battle"
"18688";"Gemfire"
"421521";"Geminim"
"421554";"GemVenture"
"1845";"Genghis Khan"
"88305";"Genpei Touma Den - Computer Boardgame"
"18689";"George Foreman's Ko Boxing"
"367508";"Germ Squashers"
"421560";"Get It Together!"
"421557";"Get It!"
"367512";"Get'em Gary"
"18690";"Getsu Fuuma Den"
"18691";"Ghost Lion"
"1403";"Ghostbusters"
"108694";"Ghostbusters 2"
"1273";"Ghosts'n Goblins"
"562482";"Ghosts And Graves"
"421551";"Ghoul Grind - Night of the Necromancer"
"1684";"Ghoul School"
"421578";"Gift"
"88306";"Gimmi A Break - Shijou Saikyou No Quiz Ou Ketteisen"
"88417";"Gimmi A Break - Shijou Saikyou No Quiz Ou Ketteisen 2"
"88307";"Ginga Eiyuu Densetsu"
"88308";"Ginga No Sannin"
"367516";"Glider"
"536096";"Glider - Mad House"
"536138";"Glider - Pluto's Bath House"
"124488";"Glk Dance By Fengli"
"537074";"Glubers Gleepers"
"88552";"Gluk The Thunder Warrior"
"421569";"Go! Dizzy Go!"
"535787";"Goal Goal! (Family BASIC)"
"1460";"Goal"
"1753";"Eric Cantona Football Challenge - Goal! 2"
"421572";"Godzilla - King of the Monsters"
"18692";"Godzilla 2 - War Of The Monsters"
"1275";"Godzilla - Monster Of Monsters"
"421575";"Gold Guardian Gun Girl"
"192732";"Golden Ktv"
"1523";"Golf"
"88309";"Golf '92, The"
"88310";"Golf Club - Birdy Rush"
"1934";"Golf Grand Slam"
"88311";"Golf-kko Open"
"1624";"Golgo 13 - Top Secret Episode"
"18693";"Gomoku Narabe Renju"
"421608";"Goofy Foot"
"1559";"Goonies, The"
"18694";"Gorby No Pipeline Daisakusen"
"88312";"Gorilla Man, The"
"18695";"Gotcha! The Sport!"
"88313";"Gozonji - Yaji Kita Chin Douchuu"
"1339";"Gradius"
"1662";"Gradius 2"
"88314";"Grand Master"
"421596";"Gravedigger"
"537083";"Gravefrenzy"
"421593";"GRAVEYARD DUDE"
"421587";"Gravitar"
"88315";"Great Battle Cyber"
"88316";"Great Deal"
"367520";"Great Gatsby, The"
"88317";"Great Wall, The"
"18696";"Greg Norman's Golf Power"
"1300";"Gremlins 2 - The New Batch"
"421632";"Grind, The"
"421629";"Grocery Warfare"
"421626";"Gruniozerca"
"421620";"Gruniozerca 2 - The Great Cavy Rescue!"
"421617";"Gruniozerca 3 - The Great Cavy Clean-Up!"
"192733";"Gu Mu Li Ying"
"1935";"Guerrilla War"
"18697";"Gumshoe"
"1715";"Gun Nac"
"1431";"Gun.smoke"
"540677";"Gunhawk"
"88318";"Gunhed - Aratanaru Tatakai"
"421614";"GunTneR"
"553775";"Gypsum And The Travelers"
"1911";"Gyrodine"
"1450";"Gyromite"
"1615";"Gyruss"
"421638";"Hack-Match"
"143320";"Hacker, The"
"88319";"Haja No Fuuin"
"421635";"Halcyon"
"421674";"Halloween - October 31st"
"367524";"Halloween 2015 NA Scare Cart"
"421677";"Halloween 2016 NA Scare Cart"
"367528";"Halloween 2017 NA Scare Cart"
"555929";"Hallway"
"421671";"Hamburgers En Route to Switzerland"
"1563";"Hammerin' Harry"
"511177";"Hammerin' Harry 2 - Dan The Red Strikes Back"
"552452";"HammerSmack!"
"71400";"Hana No Star Kaidou"
"88320";"Hanafuda Yuukyou Den - Nagarebana Oryuu"
"71401";"Hanjuku Hero"
"99402";"Happily Ever After"
"535604";"Happy Biqi 3 - World Fighter"
"166764";"Happy Camper"
"421692";"Happy Hour"
"88321";"Happy Pairs"
"552491";"Happy Scrappy"
"421701";"HappyNESs"
"421689";"Haradius Zero"
"421683";"Haratyler HG"
"421686";"Haratyler MP"
"421680";"Harbinger 2 - Cunt Punch"
"88322";"Hard Drivin'"
"421728";"Harlee, Barlee and Charlee in Whacky Water Wiles"
"1949";"Harlem Globetrotters"
"421725";"Harry Dwarf"
"124491";"Harry's Legend"
"192734";"Harvest Moon"
"18700";"Hatris"
"367532";"Haunted - Halloween '85"
"367536";"Haunted - Halloween '86"
"421722";"Haunted House"
"88323";"Hayauchi Super Igo"
"552467";"Hazard - Let Us Out!"
"421716";"HBC Phutball"
"1836";"Heavy Barrel"
"1799";"Snowboard Challenge"
"88324";"Heisei Tensai Bakabon"
"421719";"Heist"
"434313";"Helicopter (Raid on Bungeling Bay)"
"88325";"Hell Fighter"
"88326";"Hello Kitty No Ohanabatake"
"18701";"Hello Kitty World"
"421710";"Heosphoros - Embered Recollections"
"18703";"Heracles No Eikou - Toujin Makyouden"
"18702";"Heracles No Eikou 2 - Titan No Metsubou"
"192726";"Hero On Devil Lands"
"88327";"Hero Quest"
"1576";"Heroes Of The Lance"
"421707";"HexS"
"421704";"Hey Reset"
"71406";"Hi No Tori - Gaou No Bouken"
"129430";"Hidden Chinese Chess - An Qi"
"540671";"Hiddenventory"
"1478";"High Speed"
"87628";"Hikari no Senshi Photon - The Ultimate Game on Planet Earth"
"18705";"Hillsfar"
"88329";"Hirake! Ponkikki"
"71407";"Hiryu No Ken 3 - 5 Nin No Ryuu Senshi"
"88330";"Hiryuu No Ken 2 - Dragon No Tsubasa"
"88331";"Hiryuu No Ken Special - Fighting Wars"
"18706";"Hissatsu Doujou Yaburi"
"88332";"Hissatsu Shigoto Nin"
"88333";"Hit Marmot"
"88334";"Hit the Ice - The Video Hockey League"
"1564";"Hogan's Alley"
"71409";"Hokkaidou Rensa Satsujin - Ohotsuku Ni Kiyu"
"18707";"Hokuto No Ken"
"18708";"Hokuto No Ken 3 - Shinseiki Souzou Seiken Retsuden"
"18709";"Hokuto No Ken 4 - Shichisei Haken Den - Hokuto Shinken No Kanata E"
"421746";"Hollow Knight - Grab Grub"
"18711";"Hollywood Squares"
"18712";"Holy Diver"
"1565";"Home Alone"
"1663";"Home Alone 2 - Lost In New York"
"88335";"Home Run Nighter '90 - The Pennant League"
"421749";"Homebrew World Championships 2012"
"71411";"Hon Shogi - Naitou Kudan Shogi Hiden"
"71412";"Honey Peach"
"540635";"Hongloumeng - Shenyou Tai Xu Jing"
"421740";"Honoo no Rangerman"
"88337";"Honoo No Toukyuuji - Dodge Danpei"
"88338";"Honoo No Toukyuuji - Dodge Danpei 2"
"1473";"Hook"
"1888";"Hoops"
"143337";"Hoppin' Mad"
"559022";"Horace And Buggie Shoot For The Moon"
"557069";"Horror Hospital"
"71413";"Hoshi Wo Miru Hito"
"124492";"Hot Dance 2000"
"421737";"Hot Dance 2020"
"18718";"Hot Slots"
"88339";"Hototogisu"
"71414";"Hottaman No Chitei Tanken"
"552542";"House In The Cemetery, The"
"192735";"Hu Lu Jin Gang"
"192736";"Huan Shi Lu"
"88340";"Huang Di - Zhuolu Zhi Zhan"
"192725";"Huang Jin Tai Yang"
"1574";"Hudson Hawk"
"88341";"Huge Insect"
"421734";"Humbled"
"421752";"Hunter"
"535247";"Huoyan Shizhe"
"88343";"Hyakki Yagyou"
"88344";"Hyaku No Sekai No Monogatari - The Tales On A Watery Wilderness"
"1475";"Hydlide"
"18784";"Hydlide 3 - Yami Kara No Houmonsha"
"88345";"Hyokkori Hyoutan-jima - Nazo No Kaizokusen"
"71415";"Hyper Sports"
"421731";"Hyperbeatz"
"88361";"I Love Softball"
"421806";"I Wanna Flip the Sky"
"1356";"Ice Climber"
"1410";"Ice Hockey"
"555896";"Ichor"
"88362";"Ide Yousuke Meijin No Jissen Mahjong"
"88363";"Ide Yousuke Meijin No Jissen Mahjong 2"
"71417";"Idol Hakkenden"
"88364";"Igo - Kyuu Roban Taikyoku"
"88365";"Igo Meikan"
"88370";"Igo Shinan"
"88366";"Igo Shinan '91"
"88367";"Igo Shinan '92"
"88368";"Igo Shinan '93"
"88369";"Igo Shinan '94"
"1694";"Ikari 3 - The Rescue"
"1346";"Ikari Warriors"
"1772";"Ikari Warriors 2 - Victory Road"
"124493";"Ike Ike! Nekketsu Hockey Bu - Subette Koronde Dai Rantou"
"71419";"Ikinari Musician"
"71420";"Ikki"
"1889";"Image Fight"
"1481";"Impossible Mission 2"
"421803";"Improbability Fighter"
"421800";"Incident - Standalone Level Creator, The"
"1433";"Indiana Jones And The Last Crusade (Taito)"
"1520";"Indiana Jones And The Temple Of Doom"
"71422";"Indiana Jones and the Last Crusade (Ubisoft)"
"421797";"Indivisible"
"88371";"Indora No Hikari"
"1463";"Infiltrator"
"421818";"Inherent Smile"
"1841";"Insector X"
"558977";"Interglactic Transmissing!"
"71423";"International Cricket"
"540704";"Interstellar Slipstream"
"543302";"Invaders Must Die!"
"536987";"Inversion"
"1610";"Iron Tank - The Invasion of Normandy"
"1363";"Ironsword - Wizards And Warriors 2"
"421827";"Irritating Ship"
"88372";"Isaki Shuugorou No Keiba Hisshou Gaku"
"71425";"Ishin No Arashi"
"421821";"Isle Quest"
"1483";"Isolated Warrior"
"421815";"Isostasy"
"71426";"Itadaki Street - Watashi No Oten Ni Yottette"
"71427";"Ivan 'ironman' Stewart's Super Off Road"
"71428";"J.league Fighting Soccer - The King Of Ace Strikers"
"88373";"J.league Winning Goal"
"1815";"Jack Nicklaus' Greatest 18 Holes Of Major Championship Golf"
"1550";"Jackal"
"1406";"Jackie Chan's Action Kung Fu"
"88374";"Jackpot"
"88375";"Jajamaru Gekimaden - Maboroshi No Kinmajou"
"88376";"Jajamaru Ninpou Chou"
"71429";"Jajamaru No Daibouken"
"1435";"James Bond Jr."
"421812";"Jammin Honey"
"421809";"Jane Austen's 8-bit Adventure"
"150819";"Janggun-ui Adeul"
"88377";"Jangou"
"88378";"Jarinko Chie - Bakudan Musume No Shiawase Sagashi"
"1502";"Jaws"
"367540";"Jay and Silent Bob - Mall Brawl"
"1800";"Jeopardy!"
"18788";"Jeopardy! 25th Anniversary Edition"
"18789";"Jeopardy! Junior Edition"
"18720";"Jesus - Kyoufu No Bio Monster"
"166765";"Jet-paco"
"153026";"Ji Du Shan En Chou Ji - Le Comte De Monte-cristo"
"535055";"Jia A - China Soccer League For Division A"
"153219";"Jia A Fung Yun"
"535022";"Jian Wuzhe"
"88379";"Jikuu Yuuden - Debias"
"1703";"Jim Henson's Muppet Adventure No. 1 - Chaos At The Carnival"
"367544";"Jim Power - The Lost Dimension"
"1505";"Jimmy Connor's Tennis"
"191830";"Jing Hua Yuan"
"536705";"Jingke Xin Zhuan"
"559031";"Jingles Defense"
"18790";"Jj - Tobidase Daisakusen Part 2"
"1490";"Joe  and Mac - Caveman Ninja"
"1890";"John Elway's Quarterback"
"88381";"Jongbou"
"1646";"Jordan Vs Bird - One On One"
"1788";"Joshua And The Battle Of Jericho"
"1484";"Journey To Silius"
"421839";"Journey to the Centre of the Alien"
"88382";"Journey To The West"
"1706";"Joust"
"88383";"Jovial Race"
"18791";"Joy Mech Fight"
"421845";"Juhannusolumppialaiset 2017"
"421848";"Juhannussauna 2016"
"88384";"Jumbo Ozaki No Hole In One Professional"
"544379";"Jump-Jump"
"88385";"Jumpin' Kid - Jack To Mame No Ki Monogatari"
"421836";"Jupiter Scope 2 - Operation Europa"
"124494";"Jurassic Boy 2"
"1312";"Jurassic Park"
"545096";"Just Another Maze Game"
"18721";"Just Breed"
"367552";"Justice Duel"
"88387";"Juuouki"
"88388";"Juvei Quest"
"559169";"KAAZ"
"1398";"Kabuki Quantum Fighter"
"87601";"Kabushiki Doujou"
"87602";"Kaettekita! Gunjin Shougi - Nanya Sore!"
"88389";"Kagerou Densetsu"
"18920";"Kaguya Hime Densetsu"
"88390";"Kaijuu Monogatari"
"18792";"Kaiketsu Yancha Maru 2 - Karakuri Land"
"18722";"Kaiketsu Yancha Maru 3 - Taiketsu! Zouringen"
"88391";"Kamen No Ninja - Akakage"
"88392";"Kamen Rider Club - Gekitotsu Shocker Land"
"88393";"Kamen Rider Sd - Granshocker No Yabou"
"71436";"Kanshakudama Nage Kantarou No Toukaidou Gojuusan Tsugi"
"88394";"Karakuri Kengou Den - Musashi Lord - Karakuri Jin Hashiru"
"88395";"Karaoke Studio"
"88396";"Karaoke Studio Senyou Cassette Vol. 1"
"88397";"Karaoke Studio Senyou Cassette Vol. 2"
"1747";"Karate Champ"
"421830";"Karate Kick"
"1320";"Karateka"
"1801";"Karnov"
"18793";"Kart Fighter"
"421857";"Kart Racer '86"
"559205";"Katango"
"88398";"Kawa No Nushi Tsuri"
"142051";"Kazama Jun To Asama Yuuko No Av Dragon Mahjong"
"88399";"Keiba Simulation - Honmei"
"1701";"Kekkyoku Nankyoku Daibouken"
"88400";"Kero Kero Keroppi No Daibouken"
"88401";"Kero Kero Keroppi No Daibouken 2 - Donuts Ike Wa Oosawagi!"
"88402";"Keroppi To Keroriinu No Splash Bomb!"
"421860";"Kevin Power in Concert Carnage"
"421863";"Kevin Power in Too Many Games"
"367556";"KHAN Games 4-in-1 Retro Gamepak"
"18843";"Ki No Bouken - The Quest Of Ki"
"1606";"Kick Off"
"559091";"Kick The Colonel!"
"1368";"Kickle Cubicle"
"18794";"Kickmaster"
"421866";"Kid Funky"
"1276";"Kid Icarus"
"1754";"Kid Klown In Night Mayor World"
"1676";"Kid Kool And The Quest For The Seven Wonder Herbs"
"18796";"Kid Niki - Radical Ninja"
"88404";"Kidou Senshi Z Gundam - Hot Scramble"
"18798";"King Kong 2 - Ikari No Megaton Punch"
"18799";"King Neptune's Adventure"
"124495";"King Of Fighters 96, The"
"124496";"King Of Fighters 97, The"
"190748";"King Of Kings"
"1755";"King's Knight"
"1724";"King's Quest 5"
"421854";"Kingdom Crisis"
"1825";"Kings Of The Beach"
"421872";"Kira Kira Star Night - Furusato Nouzei Fujimino-ban"
"421869";"Kira Kira Star Night AC"
"152281";"Kira Kira Star Night Dx"
"1279";"Kirby's Adventure"
"421884";"KIRU!"
"71439";"Kiteretsu Daihyakka"
"88405";"Kitty's Catch"
"1518";"New Zealand Story, The"
"1743";"Klashball"
"18724";"Klax"
"559166";"Knight Coinventure"
"1525";"Knight Rider"
"421887";"Knurps Egg Rescue"
"421881";"Konami Collector's Series - Arcade Advanced"
"1572";"Konami Hyper Soccer"
"88406";"Korean Igo"
"536135";"Koudai Yaoguai - Leaf Green 1"
"535649";"Koudai Yaoguai - Zuanshi Ban"
"18800";"Kouryuu Densetsu Villgust Gaiden"
"18726";"Krazy Kreatures"
"1524";"Krusty's Fun House"
"535070";"Kuai Da Chuanshuo - Street Fighter 4"
"421878";"KUBO 2 - L'Aventurier Courageux"
"213613";"KUBO 3"
"88407";"Kujaku Ou"
"88408";"Kujaku Ou 2"
"421890";"Kuku-Ruku"
"1322";"Kung Fu"
"1695";"Kung Fu Heroes"
"18802";"Kunio-kun No Nekketsu Soccer League"
"88409";"Kurogane Hiroshi No Yosou Daisuki! - Kachiuma Densetsu"
"18727";"Kyatto Ninden Teyandee"
"421875";"KYFF"
"88410";"Kyonshiizu 2"
"88411";"Kyouryuu Sentai Zyuranger"
"88412";"Kyuukyoku Harikiri Koushien"
"88413";"Kyuukyoku Harikiri Stadium"
"88414";"Kyuukyoku Harikiri Stadium - '88 Senshu Shin Data Version"
"88415";"Kyuukyoku Harikiri Stadium - Heisei Gannen Ban"
"88416";"Kyuukyoku Harikiri Stadium 3"
"367564";"L'Abbaye des Morts"
"18731";"Lethal Weapon"
"18730";"Empereur, L'"
"191958";"L.a Cop - Miss. Peach World"
"18803";"Labyrinth"
"18728";"Lagrange Point"
"552617";"Lake Fever"
"421893";"Lala The Magical"
"97390";"Lan Master"
"555944";"Land Ahoy!"
"422367";"Larry and the Long Look for a Luscious Lover"
"88439";"Lasalle Ishii No Child's Quest"
"540233";"Laser"
"1936";"Laser Invasion"
"1632";"Last Action Hero"
"18804";"Last Armageddon"
"18729";"Law Of The West"
"97391";"Lawn Mower"
"71444";"Layla"
"421938";"Manoir des Zombies, Le"
"71347";"Livre De La Jungle, Le"
"1332";"Lion King, The"
"1773";"Lee Trevino's Fighting Golf"
"1616";"Legacy Of The Wizard"
"559154";"Legend Of Chang'E, The"
"1375";"Legend Of Prince Valiant, The"
"422055";"Legend of Weed N' Stiff, The"
"491210";"Legend Of Zelda 2 - Shadow Of Night, The"
"422064";"Legend of Zelda, The - A Link to the Past"
"430124";"Legend of Zelda, The - Ancient Dungeon"
"152475";"Legend Of Zelda, The - Outlands"
"173095";"Legend Of Zelda, The - Time Crisis, Fall Of The Moon"
"1871";"Legendary Wings"
"214643";"Legends of Owlia, The"
"1756";"Legends Of The Diamond"
"421899";"Leggite Luta Livre"
"155044";"Lei Dian 2 - Thunderbolt Fighting Plane"
"192723";"Lei Dian Huang Bi Ka Qiu Chuan Shuo"
"1338";"Lemmings"
"1272";"Chevaliers Du Zodiaque - La Légende D'or ,les"
"1354";"Smurfs, The"
"192722";"Liang Shan Ying Xiong"
"538325";"Liesha Zhuluoji - Blood Of Jurassic"
"1446";"Life Force - Salamander"
"421896";"Light From Within"
"421920";"Light Shields"
"88441";"Lightgun Game 2 In 1 - Cosmocop + Cyber Monster"
"88442";"Lightgun Game 2 In 1 - Tough Cop + Super Tough Cop"
"88443";"Lin Ze Xu Jin Yan"
"535442";"Lin Zexu - The Opium War"
"535028";"Lines"
"535646";"Lingjie Hufa - Shock"
"536693";"Linus Spacehead"
"1626";"Cosmic Spacehead"
"124498";"Lion King 3, The - Simon and Pumba"
"184527";"Lion King Legend, The"
"1937";"Little League Baseball - Championship Series"
"88445";"Little Magic"
"367572";"Little Medusa"
"1366";"Little Nemo - The Dream Master"
"1611";"Little Ninja Brothers"
"71445";"Little Red Hood"
"1326";"Little Samson"
"535652";"Little Sisyphus"
"214439";"Lizard"
"88447";"Locksmith"
"1544";"Lode Runner"
"367576";"Log Jammers"
"1802";"Loopz"
"551150";"Lost Boys, The - Frog Bros"
"71446";"Lost Word Of Jenny - Ushinawareta Message"
"18807";"Lot Lot"
"542438";"Love Recovery"
"421917";"Love Story"
"1399";"Low G Man - The Low Gravity Man"
"143323";"Lu Ye Xian Zong"
"535424";"Luanshi Sanguo"
"559184";"Lucid Apogee 3-in-1 Multi-Game Cart 1"
"88448";"Lucky Bingo 777"
"367580";"Lucky Penguin"
"555629";"Lunar Ball - Mini Lunar Ball"
"539075";"Lunar Limit"
"18808";"Lunar Pool"
"88449";"Lupin Sansei - Pandora No Isan"
"124499";"M And M Heroes"
"1590";"McDonaldland"
"18737";"M.u.l.e."
"1685";"M.u.s.c.l.e. - Tag Team Match"
"192721";"Ma Bu Mi Zhen And Qu Wei Cheng Yu Wu"
"1549";"Mach Rider"
"421908";"Machine Cave"
"1269";"Mad Max"
"421905";"Mad Wizard - A Candelabra Chronicle, The"
"71549";"Madoola No Tsubasa - The Wing Of Madoola"
"1950";"Magic Block"
"1924";"Magic Candle, The"
"99396";"Magic Carpet 1001"
"88481";"Magic Cube"
"1891";"Magic Darts"
"1725";"Magic Dragon"
"421929";"Magic Floor"
"421926";"Magic Giral"
"88482";"Magic Jewelry"
"1913";"Magic Jewelry 2"
"1951";"Magic Johnson's Fast Break"
"136582";"Magic Kid Googoo"
"88483";"Magical Mathematics"
"88484";"Magical Taruruuto-kun - Fantastic World!!"
"88485";"Magical Taruruuto-kun 2 - Mahou Daibouken"
"1765";"Magician"
"1803";"Magmax"
"538316";"Magnetizer"
"421923";"Magnilo Case, The"
"1696";"Magnum Kiki Ippatsu - Empire City 1931"
"88486";"Maharaja"
"71447";"Mahjang Companion"
"18809";"Mahjong"
"88488";"Mahjong Academy"
"65278";"Mahjong Block"
"88489";"Mahjong Club - Nagatachou"
"88490";"Mahjong G Men - Nichibutsu Mahjong 3"
"88491";"Mahjong Rpg Dora Dora Dora"
"88487";"Mahjong Samit - Kabukicho Hen"
"71448";"Mahjong Taikai"
"88492";"Mahjong Taisen"
"88493";"Mahjong Trap - Si Cuan Ma Que"
"88494";"Mahjong World - Ma Que Shi Jie, The"
"88495";"Mahou No Princess Minky Momo - Remember Dream"
"542789";"Maile Penguin's Christmas Card Adventure"
"1602";"Maison Ikkoku"
"88496";"Majaventure - Mahjong Senki"
"88497";"Major League"
"1892";"Major League Baseball"
"88498";"Majou Densetsu 2 - Daimashikyou Galious"
"71405";"Makai Island"
"559139";"Mancelona Tarnation"
"1336";"Maniac Mansion"
"1785";"Mappy"
"1952";"Mappy Kids"
"1872";"Mappy-land"
"1471";"Marble Madness"
"153135";"Mari - Ayami - Luka No Av Poker"
"491663";"Mario Adventure 3"
"1271";"Mario Bros."
"189438";"Mario Bros. Classic"
"536723";"Mario Fighter 3"
"1360";"Mario Is Missing!"
"1517";"Mario's Time Machine"
"421947";"Mark of the Beast"
"88499";"Marusa No Onna"
"88500";"Mashin Eiyuu Den Wataru Gaiden"
"562554";"Masmix"
"18810";"Master Chu And The Drunkard Hu"
"192720";"Master Fighter 3"
"88501";"Master Shooter"
"88502";"Masuzoe Youichi - Asa Made Famicom"
"88503";"Matsumoto Tooru No Kabushiki Hisshou Gaku - Part 2"
"88504";"Matsumoto Tooru No Kabushiki Hisshou Gaku - Vol. 1"
"421941";"Mauri Mursu's Hangover"
"421935";"Mawthorne"
"18732";"Maxi 15"
"559142";"Maxivision 30-in-1"
"538523";"Maxwell The Cat - NES Adventure"
"421932";"Meating, The"
"1914";"Mechanized Attack"
"421965";"Meet Me In The Parking Lot"
"1274";"Mega Man"
"1255";"Mega Man 2"
"1286";"Mega Man 3"
"1317";"Mega Man 4"
"1305";"Mega Man 5"
"1307";"Mega Man 6"
"480809";"MegaMan - 133TMAN"
"480812";"MegaMan - AFF Challenge"
"480815";"MegaMan - Alpha"
"480818";"MegaMan - Bass"
"480821";"MegaMan - Byte's Adventure"
"480827";"MegaMan - Googie's Megamix"
"480830";"MegaMan - High Speed Megaman"
"480833";"MegaMan - In the Mushroom Kingdom"
"480836";"MegaMan - Kamikaze Megaman"
"480842";"MegaMan - MegaMari"
"480845";"MegaMan - Reloaded"
"480848";"MegaMan - Rockman 2000"
"480851";"MegaMan - Rockman Claw"
"480824";"MegaMan - Rockman EX"
"480854";"MegaMan - Rockman Kai"
"480857";"MegaMan - Rockman NEO"
"480860";"MegaMan - Rockman RX"
"480863";"MegaMan - Showdown I"
"480866";"MegaMan - Wily's Conquest"
"480797";"MegaMan 2 - MegaMan In Java Island"
"480800";"MegaMan 2 - NEO"
"480803";"MegaMan 2 - Rockman EXILE"
"480806";"MegaMan 2 - Rockman No Constancy (Hard Edition)"
"480869";"MegaMan 2 - Rockman Z"
"480872";"MegaMan 2 - The Revenge of the Eight Robot Masters"
"480875";"MegaMan 2 - Ultra"
"480878";"MegaMan 2 - Wily's Conquest 2"
"480881";"MegaMan 2 - X"
"480920";"MegaMan 3 -  The Rise and Fall of Dr.Wily"
"480887";"MegaMan 3 - Break Man 3"
"480890";"MegaMan 3 - Dr. Wily Visits Indonesia"
"480884";"MegaMan 3 - Enemy Lifebar"
"480893";"MegaMan 3 - Ever"
"480896";"MegaMan 3 - Hedgehog Trap! (EASY)"
"480899";"MegaMan 3 - Hedgehog Trap! (HARD)"
"480902";"MegaMan 3 - Hedgehog Trap! (NORMAL)"
"480923";"MegaMan 3 - Mega Man III Return"
"480905";"MegaMan 3 - Powa 1"
"480908";"MegaMan 3 - Powa 2"
"480911";"MegaMan 3 - Powa 2 (Hard Version)"
"480914";"MegaMan 3 - Ridley X 1"
"480917";"MegaMan 3 - Ridley X 2"
"480926";"MegaMan 4 - After In Indonesia"
"480929";"MegaMan 4 - C4"
"480932";"MegaMan 4 - Eons Of Dreams Part 4"
"480935";"MegaMan 4 - Gadget Master"
"480938";"MegaMan 4 - Maverick Revenge"
"480941";"MegaMan 4 - Minus Infinity"
"480944";"MegaMan 4 - Ridley X Hack 1"
"480947";"MegaMan 4 - Ridley X Hack 2"
"88505";"Mei Guo Fu Hao - American Man"
"88506";"Meiji Ishin"
"88507";"Meimon! Daisan Yakyuubu"
"88508";"Meimon! Takonishi Ouendan - Kouha 6 Nin Shuu"
"88509";"Meitantei Holmes - Kiri No London Satsujin Jiken"
"88510";"Meitantei Holmes - M Kara No Chousenjou"
"553931";"Melanchony Of Existance - Chapter 0"
"421974";"Melo Jellos 2"
"1838";"Menace Beach"
"1854";"Mendel Palace"
"88512";"Meng Huan - Xiang Shuai Chuan Qi Zhi Xue Hai Piao Ling"
"536702";"Menghuan Zhi Xing 4"
"421962";"Meribo"
"71451";"Mermaids Of Atlantis - The Riddle Of The Magic Bubble"
"540647";"Mermay's Den - Deep Sea Escape"
"559175";"Merry Moons"
"421971";"Metal Arms"
"1757";"Metal Fighter"
"143356";"Metal Force"
"1280";"Metal Gear"
"18813";"Metal Max"
"1839";"Metalmech - Man And Machine"
"71452";"Metal Slader Glory"
"421956";"Metal Slug Advance"
"1465";"Metal Storm"
"421968";"Meteor Swarm"
"1607";"Metro Cross"
"1256";"Metroid"
"140708";"Metroid Rogue Dawn"
"88513";"Mezase Pachi Pro - Pachio-kun"
"88514";"Mezase Top Pro - Green Ni Kakeru Yume"
"1953";"Michael Andretti's World Grand Prix"
"191836";"Mick And Mack As The Global Gladiators"
"117225";"Mickey Mania 7"
"109361";"Mickey Mouse 3 - Yume Fuusen"
"1532";"Mickey Mousecapade"
"1633";"Mickey's Adventures In Numberland"
"1704";"Mickey's Safari In Letterland"
"491465";"Micro Knight"
"541523";"Micro Knight - Revenge Of The Four Skulls"
"537746";"Micro Knight 2"
"537701";"Micro Knight 4"
"1545";"Micro Machines"
"192712";"Micro Mages"
"421953";"Micro Mages - Second Quest"
"550400";"Midnight Zone"
"421959";"MiedoW"
"1775";"Mig-29 Soviet Fighter"
"1533";"Might And Magic - Secret Of The Inner Sanctum"
"1542";"Mighty Bomb Jack"
"1485";"Mighty Final Fight"
"421950";"Mighty Morphin' Power Rangers III"
"422001";"Mighty Morphin' Power Rangers IV - The Movie"
"537086";"Mihu Che"
"78529";"Quarter Back Scramble"
"134960";"Mike Tyson's Punch-out!!"
"88515";"Millionaire"
"18733";"Millipede"
"1604";"Milon's Secret Castle"
"88516";"Mind Blower Pak"
"88517";"Mindseeker"
"422004";"Mine Mayhem"
"421992";"Mine Shaft"
"421983";"Minekart Madness"
"88518";"Minelvaton Saga - Ragon no Fukkatsu"
"542411";"Miner"
"143243";"Minesweeper"
"421986";"Mini Brix Battle"
"421980";"Mini Games Anniversary Edition 620 in 1"
"421995";"mini GETCHi"
"18734";"Mini-putt"
"88519";"Minna No Taabou No Nakayoshi Daisakusen"
"88520";"Miracle Ropit's - 2100 Nen No Daibouken"
"71454";"Mirai Senshi - Lios"
"88521";"Mirai Shinwa Jarvas"
"538301";"Miroh"
"541802";"Mischief Castle"
"534548";"Mischievous Crow  (Family BASIC)"
"153220";"Missile Tank"
"421977";"Missing Lands"
"1447";"Mission - Impossible"
"18814";"Mission Cobra"
"18738";"Mississippi Satsujin Jiken"
"88522";"Mito Koumon - Sekai Manyuu Ki"
"18735";"Mitsume Ga Tooru"
"88523";"Mizushima Shinji No Daikoushien"
"153136";"Mo Dao Shi Yin Mou"
"1954";"Moai Kun"
"71455";"Moero!! Judo Warriors"
"422022";"Mogura Mines"
"422013";"Mojon Twins Gran Sabiduria - 31 in 1 REAL GAME!"
"422016";"Mojonian Tales"
"422010";"MOMOC"
"18736";"Momotarou Densetsu - Peach Boy Legend"
"18816";"Momotarou Densetsu Gaiden"
"189440";"Momotarou Dentetsu"
"542441";"Monarch's Flight"
"71548";"Money Game, The"
"555926";"Monk - The Shaolin Warrior"
"191837";"Monkey King"
"1585";"Monopoly"
"1994";"Monster In My Pocket"
"88564";"Monster Maker - 7 Tsu No Hihou"
"1894";"Monster Party"
"1873";"Monster Truck Rally"
"422007";"Montezuma's Revenge"
"18817";"Moon Crystal"
"541526";"Moon Harvest"
"1955";"Moon Ranger"
"422034";"Moonfall - A Legend of Zelda Compilation"
"422043";"More Glider"
"88565";"Morita Kazuo No Shougi"
"422037";"Morskoy Boy"
"1308";"Mortal Kombat 2"
"143241";"Mortal Kombat 3"
"422040";"Mortal Kombat 3 - Extra 60"
"124507";"Mortal Kombat 4"
"192719";"Mortal Kombat 5"
"191821";"Mortal Kombat V Turbo 30"
"537233";"Mosh Lift"
"1267";"Mother"
"88566";"Motocross Champion"
"1874";"Motor City Patrol"
"88567";"Mottomo Abunai Deka"
"88568";"Moulin Rouge Senki - Melville No Honoo"
"18818";"Mouryou Senki Madara"
"559739";"Mouser 2"
"1712";"Mr Gimmick"
"541544";"Mr. Run and Jump"
"1617";"Ms. Pac-man (namco)"
"112460";"Ms. Pac-man (tengen)"
"18848";"MTV's Remote Control"
"553565";"Muck Sunflower - Escape From Bot Planet"
"18910";"Mugen Senshi Valis"
"155711";"Multidude"
"559712";"Mummy - Egyptian Puzzle"
"71461";"Murder Club"
"559724";"Murder In The Maze"
"18819";"Musashi No Bouken"
"71463";"Musashi No Ken - Tadaima Shugyou Chuu"
"422028";"Musical Quest"
"422025";"My Friendly A.I. Assistant Robot"
"88569";"My Life My Love - Boku No Yume - Watashi No Negai"
"537293";"My Little Pony - Dr"
"1683";"Mystery Quest"
"150818";"Mystery World Dizzy"
"422052";"Mystic Origins"
"422061";"Mystic PIllars"
"422049";"Myth of Zayla, The"
"143324";"Myth Struggle"
"88570";"Nagagutsu O Haita Neko - Sekai Isshuu 80 Nichi Daibouken"
"88571";"Nakajima Satoru - F-1 Hero 2"
"88572";"Nakayoshi To Issho"
"422058";"Nalle Land"
"88573";"Namco Classic"
"88574";"Namco Classic 2"
"88575";"Namcot Mahjong 3 - Mahjong Tengoku"
"562728";"Nanaca Crash"
"71517";"Nangoku Shirei!! - Spy Vs Spy"
"71465";"Nantettatte!! Baseball"
"88576";"Nantettatte!! Baseball Ko-game Set '91 Kaimakuban"
"88577";"Nantettatte!! Baseball Ko-game Set Ob All Star Hen"
"88578";"Napoleon Senki"
"124509";"Napoleon's War"
"1805";"Narc"
"71466";"Navyblue"
"531173";"NBA Pro Basketball - Bulls Vs Blazers And The NBA Playoffs"
"213971";"Nebs 'n Debs"
"1758";"Nekketsu Kakutou Densetsu"
"18822";"Nekketsu Street Basket - Ganbare Dunk Heroes"
"422082";"neMULEsis"
"367584";"NEO Heiankyo Alien"
"422079";"Neotoxin"
"422076";"Nerdle"
"422070";"NES Hangman"
"1472";"Nes Open Tournament Golf"
"1804";"Nes Play Action Football"
"166767";"Nes Virus Cleaner"
"422067";"NEScape!"
"422100";"NESert Golfing"
"422091";"NESertBus"
"540554";"NeSnake"
"166768";"Nesnake 2"
"422088";"Nessy the NES Robot"
"559772";"New Adventures Of The Black Cat, The"
"1378";"New Ghostbusters 2"
"544412";"Nezha Chuanqi"
"1985";"Nfl"
"213526";"NHK Gakuen : Space School : Sansu 6 Nen : Ge"
"213524";"NHK Gakuen : Space School : Sansu 6 Nen : Jou"
"1816";"Nigel Mansell's World Championship"
"553568";"Night Of The Lee High Slayer"
"422085";"Nightman vs. Justice Incarnate"
"422115";"Nightmare on Elm Street, A - Son of a Hundred Maniacs"
"1728";"Nightshade"
"422121";"Nighttime Bastards"
"88579";"Nihonichi No Mei Kantoku"
"18740";"Niji No Silkroad"
"422124";"Nim & Nom"
"422112";"Nin Nin"
"434353";"Ninja 3 (Ninja Hattori-kun)"
"18921";"Ninja Crusaders"
"18922";"Shadow Warriors"
"1451";"Shadow Warriors II - Ninja Gaiden II"
"1414";"Ninja Gaiden 3 - The Ancient Ship Of Doom"
"71474";"Ninja Hattori Kun - Ninja Ha Syugyou De Gozaru"
"422118";"Ninja I & II"
"422109";"Ninja II"
"510733";"Ninja JaJaMaru - Operation Milky Way"
"18824";"Ninja Jajamaru-kun"
"18825";"Ninja Kid"
"422106";"Ninja of the 4 Seasons, The"
"422103";"Ninja Slapper"
"422130";"Ninja Teenz - The Revival"
"560744";"Ninja Trip"
"88580";"Ninja-kun - Ashura No Shou"
"71475";"Ninja-kun - Majou No Bouken"
"88581";"Ninjara Hoi!"
"422136";"Nintencat - The Parody"
"189133";"Nintendo Age Halloween 2009"
"18826";"Nintendo World Championships 1990"
"1299";"Nintendo World Cup"
"71477";"Nishimura Kyoutarou Mystery - Blue Train Satsujin Jiken"
"88589";"Nishimura Kyoutarou Mystery - Super Express Satsujin Jiken"
"422139";"Nix - The Paradox Relic"
"422127";"NNNNNN"
"537812";"No Good Choice"
"18827";"Noah's Ark"
"88590";"Nobunaga No Yabou - Bushou Fuuun Roku"
"1780";"Nobunaga's Ambition"
"18828";"Nobunaga's Ambition 2"
"422163";"NOFX Cover Cart Vol. 1"
"367600";"Nomolos - Storming the CATsle"
"422166";"NORDLE"
"1476";"North And South"
"422151";"Nothing Good Can Come of This"
"199992";"Nova The Squirrel"
"422160";"Noxious Liquid"
"422154";"NTRQ"
"18741";"Nuts And Milk"
"88476";"Obocchama-kun"
"18829";"Oeka Kids - Anpanman No Hiragana Daisuki"
"189446";"Oeka Kids - Anpanman To Oekaki Shiyou!!"
"88478";"Oishinbo - Kyuukyoku No Menu Sanbon Shoubu"
"88479";"Okkotoshi Puzzle - Tonjan!"
"538544";"Oliver's Shell - An Adventure Story"
"88480";"Olympic I.Q."
"537809";"Omega Driver"
"537821";"Oneshot"
"367604";"Onigiri Daisuki"
"71478";"Onyanko Town"
"422148";"Oof McBrewster's Haunted House Adventure"
"422157";"Oopi's Quest"
"422145";"Ooze Redux"
"18831";"Operation Secret Storm"
"1551";"Operation Wolf"
"422172";"Oratorio"
"1855";"Orb-3d"
"562212";"Orchard Kavass"
"422175";"Orebody - Binder's Tale"
"422169";"Orebody - Sand Ripples"
"422178";"Orphea"
"88531";"Osomatsu-kun"
"71479";"Otaku No Seiza - An Adventure In The Otaku Galaxy"
"1577";"Othello"
"423296";"Othello (HES)"
"422202";"Ouroboros"
"18742";"Outlanders"
"1938";"Over Horizon"
"543725";"Over Obj"
"543563";"Overclocked"
"18832";"Overlord"
"18839";"P'radikus Conflict"
"1806";"P.o.w. - Prisoners Of War"
"536174";"P.T.O. - Pacific Theater of Operations"
"422193";"Pac-Adin"
"1439";"Pac-Land"
"1327";"Pac-Man (Namco)"
"112511";"Pac-man (Tengen)"
"213639";"Pac-Man Championship Edition"
"1639";"Pac-mania"
"88591";"Pachi-slot Adventure 2 - Sorotta-kun No Pachi-slot Tanteidan"
"88592";"Pachi-slot Adventure 3 - Bitaoshii 7 Kenzan!"
"71481";"Pachicom"
"88593";"Pachinko Daisakusen"
"88594";"Pachinko Daisakusen 2"
"88595";"Pachio-kun 2"
"88596";"Pachio-kun 3"
"88597";"Pachio-kun 4"
"88598";"Pachio-kun 5"
"1895";"Palamedes"
"18833";"Palamedes 2 - Star Twinkles"
"539144";"Panda Baby"
"143244";"Panda Prince"
"422196";"Panesian Power"
"1992";"Panic Restaurant"
"200271";"Panic! Dizzy"
"422199";"Paper Plane in Subsoil, The"
"1362";"Paperboy"
"1582";"Paperboy 2"
"18834";"Parallel World"
"559730";"Paranoiz"
"88600";"Parasol Henbee"
"1664";"Parasol Stars - Rainbow Islands 2"
"88601";"Paris-dakar Rally Special"
"1500";"Parodius"
"422190";"Paths of Bridewell, The"
"559766";"Pedal Masher"
"18743";"Peek-a-boo Poker"
"88602";"Peepar Time"
"529766";"Pegasus Golden Five"
"529817";"Pegasus Quattro Adventure"
"143342";"Pegs"
"422187";"Pen Pen"
"559697";"Penguin - Sokoban Adventure"
"18835";"Penguin-kun Wars"
"88336";"Pennant League - Home Run Nighter"
"540659";"Pentablocat"
"88604";"Perfect Bowling"
"367608";"Perfect Pair"
"422184";"PERKELE - Suomi 100 Vuotta - 5th Anniversary Edition"
"88605";"Perman - Enban Wo Torikaese!!"
"88606";"Perman Part 2 - Himitsu Kessha Madoodan O Taose!"
"88607";"Pescatore"
"18744";"Pesterminator - The Western Exterminator"
"124515";"Phantasy Star 2"
"1896";"Phantom Fighter"
"540707";"Pickle Run"
"422181";"Pico Pico Grand Adventure"
"18836";"Pictionary - The Game Of Video Quick Draw"
"143325";"Pikachu Tetris"
"1768";"Pin-bot"
"1675";"Pinball"
"422214";"Pinball & Baseball"
"559778";"Pinball CV"
"18837";"Pinball Quest"
"537806";"Ping Pong Challenge"
"559760";"Pingback"
"422217";"Pinky"
"422220";"Pinky Xmas"
"88608";"Pipe 5"
"535025";"Pipe Block"
"18838";"Pipe Dream"
"1552";"Pirates!"
"153226";"Pitfall - The Unofficial Adventure"
"422208";"Pixel Poops - Number Two"
"422205";"Pizza Party!"
"71483";"Pizza Pop!"
"541418";"Pizza Portals"
"422235";"Planet Smashers"
"422238";"Planter"
"88609";"Plasma Ball"
"1519";"Platoon"
"422229";"PLOID"
"422244";"Plummet Challenge Game"
"559787";"Plyuk"
"124516";"Po Po Team"
"124517";"Pocahontas"
"124518";"Pocahontas 2"
"124519";"Pocket Monster"
"71484";"Pocket Zaurus - Ju Ouken No Nazo"
"422241";"Pogo Cats"
"88610";"Poke Block"
"143346";"Pokemon 4-in-1"
"153227";"Pokemon Blue"
"153228";"Pokemon Gold"
"153229";"Pokemon Green"
"153230";"Pokemon Silver"
"153231";"Pokemon Yellow"
"88612";"Poker 2"
"88611";"Poker 3"
"536720";"Poker Jijin"
"88613";"Poker Mahjong - Pu Ke Mao Que"
"536708";"Pokey"
"422226";"Pole Tchudes"
"422223";"Pole Tchudes 2"
"99440";"Policeman"
"367612";"Polygondwanaland - 2nd Edition"
"422256";"Pong 198x"
"153232";"Pong And Head Bounce"
"540641";"Pong De Las TMNT 2"
"434385";"Pony Cat"
"1640";"Pool Of Radiance"
"1817";"Pooyan"
"1569";"Popeye"
"152286";"Popeye No Eigo Asobi"
"562155";"Populous"
"88615";"Porter"
"18746";"Portopia Renzoku Satsujin Jiken"
"422262";"Porun-chan no Onigiri Daisuki"
"1407";"Power Blade"
"1670";"Power Blade 2"
"140547";"Power Blazer"
"422253";"Power Coloring"
"1897";"Power Punch 2"
"124523";"Power Rangers 2"
"124524";"Power Rangers 3"
"124525";"Power Rangers 4"
"88616";"Power Soccer"
"1497";"Predator"
"88617";"President No Sentaku"
"422370";"Press Start Again"
"422247";"Press Start Game"
"562521";"Primitive"
"1392";"Prince Of Persia"
"1776";"Princess Tomato In The Salad Kingdom"
"1777";"Pro Sport Hockey"
"1540";"Pro Wrestling"
"204334";"Pro Yakyuu : Family Stadium '87"
"204336";"Pro Yakyuu : Family Stadium '88"
"88618";"Pro Yakyuu Satsujin Jiken!"
"189425";"Probotector"
"1321";"Probotector 2 - Return Of The Evil Forces"
"213973";"Project Blue"
"556661";"Project Cat"
"422280";"Project DART"
"552647";"Project S K I F F"
"542429";"Project SHVTERA"
"422271";"Project Sword"
"367616";"PROTO DERE .NES"
"535019";"Proximity Shift"
"422277";"Prying Eye, The"
"1259";"Punch-Out!!"
"422268";"Punch-Out!! Special"
"422274";"Purple Cape Man - Vigilante Ninja"
"18841";"Puss N Boots - Pero's Great Adventure"
"422265";"Puteshestvie po Europe"
"545294";"Putt Putt"
"18747";"Puyo Puyo"
"88620";"Puzslot"
"18842";"Puzzle"
"562344";"Puzzler"
"1940";"Puzznic"
"422310";"Pwn Adventure Z"
"541415";"Pye The Pyper"
"88621";"Pyokotan No Daimeiro"
"18748";"Pyramid"
"88622";"Pyramid 2"
"367620";"Pyramids of Ra"
"1671";"Q-bert"
"65466";"Q-boy"
"140526";"Qi Guo Da Zhan"
"78544";"Qi Wang - Chinese Chess"
"1919";"Qix"
"422316";"Quadralords"
"153353";"Quadz"
"18749";"Quarth"
"550784";"Quarti"
"1628";"Super Adventure Quests"
"1920";"Quattro Arcade"
"1707";"Super Sports Challenge"
"189564";"Quest Forge By Order Of Kings"
"422304";"Quest-IONS"
"88619";"Quiz Project Q - Cutie Project And Battle 10000"
"559700";"R-G-Bleeki!"
"1971";"R.b.i. Baseball"
"1656";"R.B.I. Baseball 2"
"1856";"R.b.i. Baseball 3"
"1452";"R.c. Pro-am"
"1413";"R.c. Pro-am 2"
"422298";"Race-Car Guzzler"
"78560";"Racer Mini Yonku - Japan Cup"
"78562";"Racermate Challenge 2"
"1716";"Racket Attack"
"71487";"Rackets And Rivals"
"1441";"Rad Racer"
"1655";"Rad Racer 2"
"18846";"Rad Racket - Deluxe Tennis 2"
"88524";"Radac Tailor-made"
"422307";"Raddio"
"88562";"Radia Senki - Reimeihen"
"18847";"Raid 2020"
"1926";"Raid On Bungeling Bay"
"554102";"Raid Or Die!"
"422313";"Rainbow Brite - Journey to Rainbow Land"
"1555";"Rainbow Islands"
"118883";"Rainbow Islands - Bubble Bobble 2"
"1826";"Rally Bike"
"422295";"Ralph 4"
"1293";"Rambo"
"1698";"Rampage"
"1842";"Rampart"
"172293";"Rampart (japan)"
"422292";"Randy in Sokobanland"
"422331";"Raven's Gate"
"422334";"RC2 Rally"
"155042";"Recovery Of Pinocchio ,the"
"422328";"Reign of Death"
"422376";"Reknum - Souls Adventure"
"422325";"Reknum - The Awakening"
"422322";"REKT"
"1419";"Renegade"
"1455";"Rescue - The Embassy Mission"
"434321";"Rescue Kuck"
"422319";"Rescue Time"
"422355";"Retropia"
"422346";"Retroplayer.nl Championship 2015"
"559754";"Return To Anctrayl"
"422358";"Revolving Gems"
"551780";"RHDE Furniture Fight"
"559763";"RIG - Random Insult Generator"
"1827";"Ring King"
"88444";"Ripple Island"
"422337";"Rise of Amondus, The"
"559718";"Risky Roads"
"1329";"Street Gangs"
"1718";"Road Fighter"
"1635";"Road Runner"
"555767";"Road Worker"
"1843";"Roadblasters"
"422373";"ROB.N"
"88525";"Robert Byrne's Pool Challenge"
"1425";"Robin Hood - Prince Of Thieves"
"1404";"Robo Warrior"
"422391";"Robo-Ninja Climb"
"78561";"Robocco Wars"
"1325";"Robocop"
"1429";"Robocop 2"
"1534";"Robocop 3"
"88526";"Robocop Versus The Terminator"
"18750";"Robodemons"
"422388";"robotfindskitten"
"1983";"Rock 'n' Ball"
"422385";"Rock Paper Scissors"
"422382";"Rock Paper Scissors Lizard Sbock"
"88527";"Rockball"
"1828";"Rocket Ranger"
"555692";"Rocketman"
"1857";"Rockin' Kats"
"88528";"Rocman X"
"1790";"Rod Land"
"434289";"Roge Brer"
"1972";"Roger Clemens' Mvp Baseball"
"422379";"Roguelore"
"71490";"Rokudenashi Blues"
"18751";"Rollerball"
"18850";"Rollerblade Racer"
"1793";"Rollergames"
"422409";"Rollie"
"1629";"Rolling Thunder"
"154963";"Rom City Rampage"
"18851";"Romance Of The Three Kingdoms"
"1917";"Romance Of The Three Kingdoms 2"
"18852";"Romancia"
"544268";"Rongyao Zhi Qishi Tuan"
"367624";"Roniu's Tale"
"542432";"Rooms"
"1807";"Round Ball - The Two On Two Challenge"
"71491";"Route-16 Turbo"
"88529";"Rpg Jinsei Game"
"541424";"Rugrats - Adventures In Gameland"
"88530";"Rumble Station - 15 In 1"
"422418";"Rumblefest '89"
"1369";"Rush'n Attack"
"191819";"Russian Roulette"
"1391";"Rygar"
"1988";"Action In New York"
"422415";"Saboteur"
"213457";"Sack of Flour, Heart of Gold"
"88623";"Safety Rally"
"140717";"Saint Saiya - Tian Ma Huan Xiang"
"71493";"Saint Seiya - Ougon Densetsu Kanketsu Hen"
"544265";"Saiwai Qixia Zhuan"
"71494";"Saiyuuki World"
"88624";"Sakigake!! Otoko Juku - Shippuu Ichi Gou Sei"
"88625";"Samsara Naga"
"136584";"Samurai Spirits"
"88630";"San Goku Shi - Chuugen No Hasha"
"71495";"San Goku Shi 2 - Haou No Tairiku"
"88626";"San Guo Zhi - Qun Xiong Zheng Ba"
"153309";"San Guo Zhi 4 - Chi Bi Feng Yun"
"88628";"San Guo Zhong Lie Zhuan"
"153310";"San Shi Liu Ji"
"88629";"Sanada Juu Yuushi"
"538343";"Sanguo Wushuang - Mengjiang Zhuan"
"544271";"Sanguozhi - Lubu Zhuan"
"71496";"Sanma No Meitantei"
"88631";"Sanrio Carnival"
"88632";"Sanrio Carnival 2"
"88633";"Sanrio Cup - Pon Pon Volley"
"541274";"Sanshiliu Ji - The Thirty-Six Tricks"
"71497";"Sansuu 1 Nen - Keisan Game"
"71498";"Sansuu 2 Nen - Keisan Game"
"71499";"Sansuu 3 Nen - Keisan Game"
"71500";"Sansuu 4 Nen - Keisan Game"
"71501";"Sansuu 5 And 6 Nen - Keisan Game"
"538304";"Santa's Snowman"
"422400";"Sara Parker's Pool Challenge"
"559709";"Sarmly Bot In Castle"
"140527";"Satomi Hakkenden"
"88635";"Satsui No Kaisou - Soft House Renzoku Satsujin Jiken"
"422406";"SaturdayMan"
"422397";"Saturn Smash"
"422394";"Save the Kuin"
"538346";"Scanner"
"88636";"Scarabeus"
"422439";"Scramble"
"88637";"Sd Battle Oozumou - Heisei Hero Basho"
"71504";"Sd Gundam - Gachapon Senshi 2 - Capsule Senki"
"88638";"Sd Gundam - Gachapon Senshi 3 - Eiyuu Senki"
"88639";"Sd Gundam - Gachapon Senshi 4 - Newtype Story"
"88640";"Sd Gundam - Gachapon Senshi 5 - Battle Of Universal Century"
"88641";"Sd Gundam Gaiden - Knight Gundam Monogatari"
"88642";"Sd Gundam Gaiden - Knight Gundam Monogatari 2 - Hikari No Kishi"
"88643";"Sd Gundam Gaiden - Knight Gundam Monogatari 3 - Densetsu No Kishi Dan"
"71505";"Sd Hero Soukessen - Taose! Aku No Gundan"
"88644";"Sd Keiji - Blader"
"88645";"Sd Sengoku Bushou Retsuden"
"88646";"Sea Of Dreamland"
"551225";"Secret Of Grimshire"
"422433";"Secret of NecroNancy, The"
"18854";"Secret Scout In The Temple Of Demise"
"88647";"Secret Ties"
"18752";"Section-z"
"1829";"Seicross"
"71506";"Seikima 2 - Akuma No Gyakushuu"
"18753";"Seirei Gari"
"88648";"Seiryaku Simulation - Inbou No Wakusei - Shancara"
"88649";"Sekiryuuou"
"422442";"Senseless City"
"551705";"Sensible Soccer"
"18855";"Sesame Street 123"
"78336";"Sesame Street - Big Bird's Hide And Speak"
"18857";"Sesame Street Abc"
"18856";"Sesame Street ABC And 123"
"18858";"Sesame Street Countdown"
"154964";"Sgt. Helmet - Training Day"
"538337";"Shadow - An Adventure In Monochrome"
"422445";"Shadow Animus"
"88650";"Shadow Brain"
"1302";"Blue Shadow"
"1292";"Shadowgate"
"88651";"Shaffle Fight"
"88652";"Shang Gu Shen Jian"
"71507";"Shanghai"
"71508";"Shanghai 2"
"166778";"Shanghai Tycoon"
"1759";"Shatterhand"
"71509";"Sheng Huo Lie Zhuan"
"422427";"Shera and the 40 Thieves - Definitive Edition"
"71510";"Sherlock Holmes - Hakushaku Reijou Yuukai Jiken"
"71511";"Shikinjou"
"88653";"Shin 4 Nin Uchi Mahjong - Yakuman Tengoku"
"88655";"Shin Moero!! Pro Yakyuu"
"142038";"Shin Samurai Spirits 2 - Haoumaru Jigoku Hen"
"88656";"Shin Satomi Hakken-den - Hikari To Yami No Tatakai"
"1672";"Shingen The Ruler"
"1367";"Shinobi"
"88657";"Shinsenden"
"142039";"Shisen Mahjian 2"
"422430";"ShmupSpeed"
"1808";"Shockwave"
"559745";"Shokan Doro Beginning"
"18860";"Shooting Range"
"554000";"ShootNES"
"18754";"Short Order/eggsplode"
"88658";"Shougi Meikan '92"
"88659";"Shougi Meikan '93"
"88660";"Shougun"
"88661";"Shoukoushi Ceddie"
"88662";"Shounen Ashibe - Nepal Daibouken No Maki"
"88663";"Shuang Xiang Pao"
"544262";"Shuang Yue Zhuan"
"560867";"Shudu"
"422424";"Shuffle Fight"
"1580";"Shufflepuck Café"
"153311";"Shui Hu Zhuan"
"544406";"Shuihu Zhuan - Marsh Outlaws"
"422421";"Siamond"
"1916";"Side Pocket"
"18862";"Silent Assault"
"1358";"Silent Service"
"1735";"Silkworm"
"88665";"Silva Saga"
"71512";"Silver Eagle"
"1546";"Silver Surfer"
"190658";"Sim City"
"422457";"Sinking Feeling"
"97392";"Sir Ababol"
"560864";"Sistema Cyber"
"99408";"Skate Boy"
"1467";"Skate Or Die"
"1893";"Skate Or Die 2 - The Search For Double Trouble"
"551090";"Skate Scramble"
"422454";"SkateCat"
"422460";"Skatemasta Tcheco"
"1665";"Ski Or Die"
"434401";"Skiing"
"18755";"Skull And Crossbones"
"559733";"Sky - Sun And Clouds"
"71513";"Sky Destroyer"
"1469";"Sky Kid"
"18863";"Sky Shark"
"553664";"SkyBound Quest"
"18756";"Slalom"
"422448";"Slappin' Bitches"
"422466";"Slaughter"
"422463";"Slice of Bread"
"422487";"Slow Mole"
"551060";"Small World, A"
"1736";"Smash T.v."
"538298";"Snail Maze"
"422481";"SnailNES"
"559706";"Snailo!"
"71514";"Snake Rattle N Roll"
"18864";"Snake's Revenge"
"538322";"Snakky"
"422472";"Sneak 'n Peak"
"18865";"Snoopy's Silly Sports Spectacular!"
"1719";"Snow Brothers"
"422475";"Snowball Fight, The"
"1440";"Soccer"
"88666";"Soccer League - Winner's Cup"
"422484";"Soko Banana"
"143327";"Sokoban"
"1459";"Solar Jetman - Hunt For The Golden Warpship"
"153344";"Solar Wars"
"422469";"Solaris"
"18758";"Solitaire"
"1381";"Solomon's Key"
"1653";"Solomon's Key 2"
"1301";"Solstice - The Quest For The Staff Of Demnos"
"18866";"Somari The Adventurer"
"559769";"Song Of Morus - Favoured Cleric"
"422499";"Sonic & Knuckles 5"
"214680";"Sonic The Hedgehog"
"1811";"Sonson"
"88667";"Soreike! Anpanman - Minna De Hiking Game!"
"422502";"Space Blaze"
"434361";"Space ET (Space Invaders)"
"422493";"Space Gulls"
"1594";"Space Harrier"
"71515";"Space Hunter"
"18867";"Space Invaders"
"535052";"Space Mutants"
"422505";"Space Parody"
"422496";"Space Raft"
"88668";"Space Shadow"
"1737";"Space Shuttle Project"
"422508";"Space Soviets"
"541430";"Space Walk 3030"
"553991";"Spacepunk'd"
"422511";"Spacey McRacey"
"422490";"Spanky Gets Spooky!"
"1530";"Spartan X 2"
"562164";"Speeding Hummer"
"1494";"Spelunker"
"1915";"Spelunker 2 - Yuusha E No Chousen"
"18868";"Spider-man - Return Of The Sinister Six"
"422517";"Spin Master"
"367632";"Spirit Impel"
"422523";"Spirit of Satan, The"
"1960";"Spiritual Warfare"
"422526";"SplatooD"
"1402";"Splatterhouse - Wanpaku Graffiti"
"422514";"Split Second"
"422547";"Spook-o'-tron"
"422544";"Spooky Soccer"
"18760";"Spot - The Video Game"
"1562";"Spy Hunter"
"1424";"Spy Vs Spy"
"536711";"Spy Vs Spy 2 - The Island Caper"
"18761";"Sqoon"
"18869";"Square No Tom Sawyer"
"88669";"Squashed"
"422535";"Squirell Chaser"
"422541";"Squirrel Domino"
"422550";"Squish - The Bouncing Cat Ball"
"1680";"Stack-up"
"556178";"Stakk'm"
"422532";"Stallar"
"1899";"Stanley - The Search For Dr. Livingston"
"535016";"Star Dust (Family BASIC)"
"422538";"Star Evil"
"18870";"Star Force"
"71519";"Star Luster"
"422529";"Star Power"
"553703";"Star Retrievers"
"500093";"Star Ship Go (Family BASIC) "
"1591";"Star Soldier"
"1592";"Star Trek - 25th Anniversary"
"1858";"Star Trek - The Next Generation"
"88670";"Star Trek 5 - The Final Frontier"
"367636";"Star Versus"
"18871";"Star Voyager"
"1313";"Star Wars (beam)"
"110061";"Star Wars (namco)"
"1405";"Star Wars - The Empire Strikes Back"
"555041";"Starfight"
"18763";"Starship Hector"
"1539";"Startropics"
"18872";"Stealth Atf"
"18764";"Sted - Iseki Wakusei No Yabou"
"552404";"Steel Legion"
"422571";"Steel Moons"
"199984";"Steins;Gate"
"552437";"Stellarator"
"88671";"Stick Hunter - Exciting Ice Hockey"
"153134";"Sting"
"1875";"Stinger"
"555938";"Storied Sword, The"
"88672";"Strategist"
"97393";"Streemerz"
"18873";"Street Cop"
"531203";"Street Dance"
"143329";"Street Fighter 2"
"531182";"Street Fighter 2 Pro"
"1330";"Street Fighter 2010 - The Final Fight"
"191186";"Street Fighter 3"
"422577";"Street Fighter II - Nostalgic Edition"
"559781";"Street Hero"
"88673";"Street Heroes"
"1515";"Strider"
"143330";"Strike Wolf"
"88674";"Study Box"
"175808";"Study Hall"
"537047";"Stunt Buggies"
"18874";"Stunt Kids"
"531200";"Sudo King"
"153345";"Sudoku"
"367640";"Sudoku 2007"
"538328";"Sudoku 23"
"71521";"Sugoro Quest - Dice No Senshi Tachi"
"153355";"Sui Tang"
"537296";"Suitang Yanyi"
"88675";"Sukeban Deka 3"
"18875";"Summer Carnival '92 - Recca"
"540710";"Summer Island Battle Tactics"
"18876";"Sunday Funday - The Ride"
"88676";"Sunman"
"422565";"Sunset Land"
"555005";"Sunset World"
"531197";"Super 4-in-1 - Fantasy Gun"
"542516";"Super Angry Birds"
"18877";"Super Arabian"
"214443";"Super Bat Puncher"
"88677";"Super Black Onyx"
"1513";"Super C"
"1922";"Super Cars"
"422556";"Super Child Bros. 3"
"88687";"Super Chinese 3"
"422568";"Super City Mayor"
"536981";"Super City Tank"
"124544";"Super Contra 7"
"124546";"Super Contra X"
"422553";"Super Crusher Fighters"
"1376";"Super Dodge Ball"
"140523";"Super Donkey Kong - Xiang Jiao Chuan"
"124548";"Super Donkey Kong 2"
"18878";"Super Dyna'mix Badminton"
"545309";"Super Floofy Sheepie"
"18879";"Super Glove Ball"
"493124";"Super Gun"
"559775";"Super Hard Bouncer"
"422589";"Super Homebrew War"
"422592";"Super Honza"
"422583";"Super Insect Swatter"
"18880";"Super Jeopardy!"
"536072";"Super Lion King"
"491207";"Super Mario Bros 2 - Master Quest"
"491204";"Super Mario Bros 3 - Princess Sidestory"
"1245";"Super Mario Bros."
"94350";"Super Mario Bros. / Duck Hunt"
"94351";"Super Mario Bros. / Duck Hunt / World Class Track Meet"
"94352";"Super Mario Bros. / Tetris / Nintendo World Cup"
"1248";"Super Mario Bros. 2"
"1246";"Super Mario Bros. 3"
"1270";"Super Mario Bros. - The Lost Levels"
"124553";"Super Mario World"
"155043";"Super Maruo"
"88688";"Super Mogura Tataki!! - Pokkun Mogurar"
"88689";"Super Momotarou Dentetsu"
"422586";"Super NeSnake 2"
"166780";"Super Painter"
"166779";"Super Pak-pak"
"88690";"Super Pang"
"88691";"Super Pang 2"
"65419";"Super Pinball"
"1778";"Super Pitfall"
"491213";"Super Pitfall - 30th Anniversary Edition"
"88693";"Super Real Baseball '88"
"422703";"Super Robin Hood"
"65420";"Super Rugby"
"367644";"Super Russian Roulette"
"124555";"Super Shinobi, The"
"422580";"Super Snake Off"
"1444";"Super Spike V' Ball"
"88694";"Super Spike V'ball + Nintendo World Cup"
"1964";"Super Sprint"
"1738";"Super Spy Hunter"
"71533";"Super Star Force - Jikuureki No Himitsu"
"540605";"Super Strife"
"535049";"Super Sushi Pinball"
"18885";"Super Team Games"
"422604";"Super Tilt Bro."
"18886";"Super Turrican"
"172109";"Super Uwol"
"18887";"Super Xevious - Gamp No Nazo"
"1394";"Superman"
"192482";"Superman (sunsoft)"
"434293";"Surface Fire"
"18766";"Swamp Thing"
"88695";"Swat - Special Weapons And Tactics"
"422601";"Sweet Dreams Nonogram"
"1993";"Sweet Home"
"1605";"Sword Master"
"422598";"Swords and Runes"
"422595";"Swords and Runes 3"
"1323";"Swords And Serpents"
"422619";"Sydney Hunter and the Mayan's Revenge"
"422616";"T-Gun"
"18888";"Taboo - The Sixth Sense"
"422625";"Tactus"
"1900";"Tag Team Wrestling"
"18889";"Tagin' Dragon"
"544421";"Taikong Huanxiang"
"422610";"Tailgate Party"
"1637";"Taito Chase H.q."
"88532";"Taito Grand Prix - Eikou E No License"
"88533";"Taiwan Mahjong - Tai Wan Ma Que 16"
"88534";"Taiwan Mahjong 2"
"88535";"Taiyou No Yuusha - Fighbird"
"71535";"Takahashi Meijin No Bouken-jima 4"
"88536";"Takahashi Meijin No Bugutte Honey"
"88537";"Takeda Shingen"
"71536";"Takeshi No Chousenjou"
"88539";"Takeshi No Sengoku Fuuunji"
"88540";"Tamura Koushou Mahjong Seminar"
"88541";"Tanigawa Kouji No Shougi Shinan 2"
"88542";"Tanigawa Kouji No Shougi Shinan 3"
"433462";"Tank 1990 (Hack of Battle City)"
"542417";"Tank Of Lore"
"99433";"Tanque"
"71539";"Tantei Jinguuji Saburou - Toki No Sugiyuku Mama Ni"
"71540";"Tantei Jinguuji Saburou - Yokohamakou Renzoku Satsujin Jiken"
"88543";"Tao"
"367648";"Tapeworm - Disco Puzzle"
"1846";"Target - Renegade"
"88545";"Tasac"
"88546";"Tashiro Masashi No Princess Ga Ippai"
"88547";"Tatakae!! Rahmen Man - Sakuretsu Choujin 102 Gei"
"1941";"Tecmo Baseball"
"1982";"Tecmo Bowl"
"1434";"Tecmo Cup - Football Game"
"18891";"Tecmo Nba Basketball"
"554039";"Tecmo NFL Dynasties"
"1984";"Tecmo Super Bowl"
"1558";"Tecmo World Cup Soccer"
"1541";"Tecmo World Wrestling"
"1253";"Teenage Mutant Ninja Turtles"
"1345";"Teenage Mutant Ninja Turtles - Tournament Fighters"
"1296";"Teenage Mutant Hero Turtles II - The Arcade Game"
"1347";"Teenage Mutant Ninja Turtles 3 - The Manhattan Project"
"142042";"Tekken 2"
"422607";"Temple Dilemma"
"422643";"Temple Runner"
"18767";"Tenchi O Kurau 2  - Shokatsu Koumei Den"
"543527";"Tenebra"
"560759";"Tenebra 2"
"71542";"Tenka No Goikenban - Mito Koumon"
"18892";"Tenkaichi Bushi - Keru Naguuru"
"1428";"Tennis"
"422646";"Tense Conds"
"88548";"Terao No Dosukoi Oozumou"
"18893";"T2  Terminator 2 - Judgment Day"
"18768";"Terra Cresta"
"422640";"Tesla Vs. Edison"
"562365";"Tetramino"
"71544";"Tetrastar - The Fighter"
"1291";"Tetris"
"189653";"Tetris (bulletproof)"
"1614";"Tetris 2"
"71545";"Tetris 2 + Bombliss"
"102109";"Tetris - The Soviet Mind Game"
"88549";"Tetsudou Ou - Famicom Boardgame"
"88550";"Tetsuwan Atom"
"1417";"Addams Family, The"
"18555";"Addams Family - Pugsley's Scavenger Hunt, The"
"1355";"Adventures Of Bayou Billy, The"
"59411";"Adventures Of Dr. Franken, The"
"18556";"Adventures Of Gilligan's Island, The"
"1397";"Adventures Of Rad Gravity, The"
"1774";"Adventures Of Rocky And Bullwinkle And Friends, The"
"143752";"Adventures Of Tomley Kleene By Bob Rost"
"1595";"Bard's Tale, The"
"1310";"Battle Of Olympus, The"
"1769";"Black Bass, The"
"1929";"Blue Marlin, The"
"1529";"Blues Brothers, The"
"71546";"Bugs Bunny Blowout, The"
"1498";"Bugs Bunny Crazy Castle, The"
"65385";"California Raisins - The Grape Escape"
"18618";"Chessmaster, The"
"111293";"Fantastic Adventures Of Dizzy, The"
"1512";"Flintstones - The Rescue Of Dino And Hoppy, The"
"1554";"Flintstones - The Surprise At Dinosaur Peak, The"
"1437";"Goonies 2, The"
"1912";"Great Waldo Search, The"
"1496";"Guardian Legend, The"
"1522";"Hunt For Red October, The"
"1348";"Immortal, The"
"1645";"Incredible Crash Dummies, The"
"1837";"Jetsons - Cogswell's Caper!, The"
"1560";"Karate Kid, The"
"1918";"King Of Kings - The Early Years"
"1784";"Krion Conquest, The"
"142052";"Last Ninja, The"
"18806";"Last Starfighter, The"
"1923";"Legend Of Kage, The"
"88440";"Legend Of Robin Hood, The"
"1250";"Legend Of Zelda, The"
"1654";"Lone Ranger, The"
"1764";"Mafat Conspiracy, The"
"1697";"Magic Of Scheherazade, The"
"1867";"Miracle Piano Teaching System, The"
"18820";"Mutant Virus - Crisis In A Computer World, The"
"1599";"Punisher, The"
"18849";"Ren And Stimpy Show - Buckeroo$!, The"
"1612";"Rocketeer, The"
"1295";"Simpsons - Bart Vs The Space Mutants, The"
"1543";"Simpsons - Bart Vs The World, The"
"1678";"Simpsons - Bartman Meets Radioactive Man, The"
"18894";"Terminator, The"
"1942";"Three Stooges, The"
"18909";"Ultimate Stuntman, The"
"1618";"Uncanny X-men, The"
"18776";"Untouchables, The"
"367664";"Way of the Exploding Fist"
"1507";"Young Indiana Jones Chronicles, The"
"434333";"Thexder"
"422637";"They Came To Wreak Hell"
"88551";"Thomas The Tank Engine And Friends"
"549506";"Three Kingdoms - Sichuan Mahjong"
"422628";"Through Dimensions"
"18895";"Thunder And Lightning"
"1830";"Thunderbirds"
"18770";"Thundercade"
"154961";"Thwaite"
"536726";"Tianwang Xiangmo Zhuan"
"143335";"Tic-tac Xo"
"97394";"Tiger Jenny"
"1553";"Tiger-heli"
"18771";"Tiles Of Fate"
"88553";"Time Diver Eon Man"
"1537";"Time Lord"
"545204";"Time Of Night"
"559742";"Time Space Odyssey"
"537818";"Time Survivor"
"18896";"Time Zone"
"555893";"Time's Ticking"
"1809";"Times Of Lore"
"541520";"Tiny Golf"
"107884";"Tiny Toon Adventures"
"1705";"Tiny Toon Adventures 2 - Trouble In Wackyland"
"124559";"Tiny Toon Adventures 6"
"1359";"Tiny Toon Adventures - Cartoon Workshop"
"539243";"Tip Off"
"71550";"Titan"
"88554";"Titan Warriors"
"141327";"Titanic"
"124560";"Titanic 1912"
"422670";"Titenic"
"88555";"Tm Network - Live In Power Bowl"
"18898";"To The Earth"
"1341";"Toki"
"71551";"Toki No Tabibito - Time Stranger"
"18772";"Tokoro-san No Mamoru Mo Semeru Mo"
"422667";"Tola"
"1575";"Tom And Jerry"
"124562";"Tom And Jerry 3"
"422661";"Tomb of Ice"
"1943";"Tombs And Treasure"
"1962";"Toobin'"
"1420";"Top Gun"
"124563";"Top Gun 3"
"1613";"Top Gun - The Second Mission"
"71552";"Top Rider"
"88557";"Top Striker"
"541535";"Torgman Adventures: Part 1"
"422655";"Tortoises"
"538340";"Total Extinction"
"88558";"Total Funpak"
"1370";"Total Recall"
"1511";"Totally Rad"
"18773";"Touchdown Fever"
"88559";"Touhou Kenbun Roku"
"421668";"Touhou Rououmu"
"88560";"Toukon Club"
"88561";"Toukyou Pachi-slot Adventure"
"422652";"Tourtoise"
"422664";"Tower Defense 1990"
"18899";"Tower Of Druaga, The"
"422658";"Tower of Turmoil, The"
"18901";"Town And Country Surf Designs 2 - Thrilla's Surfari"
"18902";"Town And Country Surf Designs - Wood And Water Rage"
"1739";"Toxic Crusaders"
"536399";"Toy Story"
"1573";"Track And Field"
"1516";"Track And Field 2"
"422649";"TRACK FEEL II"
"422694";"Tracy's NEScapades"
"18903";"Transformers - Convoy no Nazo"
"538664";"Treasure Hunt"
"1395";"Treasure Master"
"554207";"Treat Sweep On Creep Street"
"559703";"Trial Of Kharzoid, The"
"88563";"Triathron, The"
"422685";"Trinca"
"1831";"Trog"
"1464";"Trojan"
"421785";"Troll Burner"
"1902";"Trolls On Treasure Island"
"367652";"Trophy"
"422688";"Trouble at 2a03"
"71553";"Tsuppari Oozumou"
"88696";"Tsuppari Wars"
"88697";"Tsuri Kichi Sanpei - Blue Marlin Hen"
"88698";"Tsuru Pika Hagemaru - Mezase! Tsuru Seko No Akashi"
"421782";"Turquoise Palace"
"553583";"Turtle Paint"
"542687";"Turtle Rescue - Unhatched"
"421794";"Turtle Rescue - Unwrapped - Holiday Edition"
"540755";"TV-Chan's Great Escape!"
"421767";"Twelve Seconds"
"1881";"Twin Cobra"
"189652";"Twin Dragons"
"18906";"Twin Eagle"
"18905";"Twinbee"
"1958";"Twinbee 3 - Poko Poko Daimao"
"421776";"TYMKRS - The Rabbit Hole"
"1600";"U-four-ia - The Saga"
"421764";"Uchusen - Ultimate PLOID Battle"
"422679";"Uchusen 2 - Blood Invasion Battle"
"18774";"Uchuu Keibitai Sdf"
"18775";"Uchuusen - Cosmo Carrier"
"541280";"UFO Invaders"
"421770";"UFO Sighted! (Prototype)"
"88459";"Uforce Power Games"
"536996";"Ugadayka"
"1974";"Ultima - Exodus"
"1486";"Ultima - Quest Of The Avatar"
"1794";"Ultima - Warriors Of Destiny"
"1779";"Ultimate Air Combat"
"18907";"Ultimate Basketball"
"367656";"Ultimate Frogger Champion"
"18908";"Ultimate League Soccer"
"88460";"Ultraman Club - Kaijuu Daikessen!!"
"88461";"Ultraman Club 2 - Kaettekita Ultraman Club"
"88462";"Ultraman Club 3 - Matamata Shutsugeki!! Ultra Kyoudai"
"1566";"Uncharted Waters"
"195395";"Underground Adventure"
"1991";"Uninvited"
"88463";"Universe Soldiers, The"
"421773";"Unknown Soldier"
"1648";"Urban Champion"
"71558";"Urusei Yatsura - Lum No Wedding Bell"
"18777";"Ushio To Tora - Shinen No Daiyou"
"421779";"UTACO"
"88464";"Utsurun Desu"
"195591";"Uwc"
"421761";"UXO - Unexploded Ordnance"
"490715";"Valis - The Fantastic Soldier"
"1501";"Valkyrie No Bouken - Toki No Kagi Densetsu"
"538478";"Vector Run - The Remake"
"538514";"Vector Run - The Trilogy"
"538553";"Vector Run 2 - The Breakout"
"78530";"Vegas Connection - Casino Kara Ai O Komete"
"1973";"Vegas Dream"
"540626";"Vegavox"
"421581";"Vegavox II"
"421590";"Veggie Invasion"
"542435";"Vehion"
"18911";"Venice Beach Volleyball"
"1862";"Venus Senki"
"1630";"Vice - Project Doom"
"78531";"Videomation"
"541607";"Videopoker Bonza"
"421584";"Vigilante Ninja II"
"1963";"Vindicators"
"421599";"Void, The"
"71561";"Volguard 2"
"1557";"Volleyball"
"190930";"Vs Tko Boxing"
"198764";"VS. Castlevania"
"544394";"Vs. from Below"
"553697";"Wacko"
"18912";"Wacky Races"
"422676";"Waddles the Duck"
"71563";"Wagyan Land"
"88465";"Wagyan Land 2"
"88466";"Wagyan Land 3"
"18913";"Wai Wai World"
"71564";"Wai Wai World 2 - Sos!! Paseri Jou"
"153304";"Wai Xing Zhan Shi"
"88467";"Wait And See!"
"421758";"Waldos Forever"
"1740";"Wall Street Kid"
"18778";"Wally Bear And The No! Gang"
"421755";"Wampus"
"88468";"Wang Zi Fu Chou Ji"
"530831";"War Game (Family BASIC)"
"88470";"War In The Gulf"
"99436";"War On Wheels"
"129429";"Warehouse No. 18"
"1285";"Wario's Woods"
"421665";"Warlords"
"71565";"Warpman"
"421662";"Wart Worm Wingding!"
"1748";"Wayne Gretzky Hockey"
"1711";"Wayne's World"
"1730";"Wcw - World Championship Wrestling"
"421659";"We are Hejickle"
"421656";"Weed N'Stiff 2 - Bobson's Revenge"
"18914";"Werewolf - The Last Warrior"
"421644";"What Remains"
"1847";"Wheel Of Fortune"
"1987";"Wheel Of Fortune - Family Edition"
"1979";"Wheel Of Fortune - Featuring Vanna White"
"1986";"Wheel Of Fortune - Junior Edition"
"1687";"Where In Time Is Carmen Sandiego?"
"1961";"Where's Waldo?"
"536132";"Whirlwind Manu"
"1657";"Who Framed Roger Rabbit?"
"1859";"Whomp 'em"
"18779";"Widget"
"191955";"Wild Ball"
"555956";"Wild Boys Of Dogstar"
"18780";"Wild Gunman"
"1479";"Willow"
"1526";"Wily And Right No Rock Board - That's Paradise"
"1878";"Win, Lose Or Draw"
"1789";"Winter Games"
"88472";"Wit's"
"422673";"Wit.nes, The"
"560928";"Witch City"
"367668";"Witch n' Wiz"
"538319";"Witches Weed"
"540602";"Wizard, The - Story Unknown"
"190747";"Wizardry 2 - Llylgamyn No Isan"
"1634";"Wizardry Knight Of Diamonds - The Second Scenario"
"1470";"Wizardry - Proving Grounds Of The Mad Overlord"
"1390";"Wizards And Warriors"
"1457";"Wizards And Warriors 3 - Kuros Visions Of Power"
"421653";"Wo xiang niao niao"
"420834";"Wolf Spirit"
"420816";"Wolfling"
"18781";"Wolverine"
"538727";"Wonder Rabbit"
"99438";"Wonderland Dizzy"
"88473";"Woody Poko"
"420813";"Wordle"
"88474";"World Boxing"
"1720";"World Champ"
"18915";"World Class Track Meet"
"1978";"World Games"
"124568";"World Hero"
"124569";"World Heroes 2"
"536735";"World Heroes 2 Pro"
"88475";"World Of Card Games, The"
"562473";"World Of Warcraft - Demon Hunter"
"557138";"Wraith"
"1480";"Wrath Of The Black Manta"
"421647";"Wrecking Balls"
"1383";"Wrecking Crew"
"537035";"Wulin Waizhuan"
"420810";"Wumpus"
"1810";"Wurm - Journey To The Center Of The Earth"
"544409";"Wushuang Luan Wu"
"1688";"Wwf King Of The Ring"
"1488";"Wwf Wrestlemania"
"1601";"Wwf Wrestlemania - Steel Cage Challenge"
"1506";"Wwf Wrestlemania Challenge"
"557087";"Xeno Creeps"
"18782";"Xenophobe"
"1578";"Xevious"
"1699";"Xexyz"
"127832";"Xi Tian Qu Jing 2"
"127831";"Xia Ke Qing - Jing He Ci Qin Wang"
"127830";"Xian Jian Qi Xia Zhuan"
"127829";"Xiao Au Jiang Wu"
"166775";"Xiao Ma Li"
"88450";"Xing He Zhan Shi"
"127828";"Xing Ji Wu Shi - Super Fighter"
"88451";"Xing Zhan Qing Yuan"
"88452";"Xybots"
"420840";"Yacht"
"78581";"Yamamura Misa Suspense - Kyouto Hana No Misshitsu Satsujin Jiken"
"78582";"Yamamura Misa Suspense - Kyouto Ryuu No Tera Satsujin Jiken"
"71567";"Yamamura Misa Suspense - Kyouto Zaiteku Satsujin Jiken"
"127827";"Yang Jia Jiang - Yang's Troops"
"127826";"Yanshan Chess"
"420837";"Yar's Revenge"
"367672";"Yeah Yeah Beebiss 2"
"1787";"Yie Ar Kung-fu"
"153221";"Ying Lie Qun Xia Zhuan"
"88453";"Ying Xiong Yuan Yi Jing Chuan Qi"
"540560";"Yingxiong Zhuan - World Hero"
"1547";"Yo! Noid"
"153222";"Yong Zhe Dou E Long - Dragon Quest 5"
"166776";"Yong Zhe Dou E Long - Dragon Quest 6"
"153223";"Yong Zhe Dou E Long - Dragon Quest 7"
"1388";"Mario And Yoshi"
"1334";"Yoshi's Cookie"
"88454";"You Ling Xing Dong"
"78579";"Youkai Club"
"78580";"Youkai Douchuuki"
"538718";"Youling Xingdong - Shock"
"127824";"Young Chivalry"
"1318";"Ys"
"1386";"Ys 2 - Ancient Ys Vanished - The Final Chapter"
"1396";"Ys 3 - Wanderers From Ys"
"127823";"Yu-gi-oh"
"127822";"Yuefei"
"135038";"Yume Koujou Doki Doki Panic"
"18917";"Yume Penguin Monogatari"
"191859";"Yun"
"124570";"Yuu Yuu Hakusho Final - Makai Saikyou Retsuden"
"1721";"Zanac"
"559727";"Zap Ruder"
"250256";"ZDEY The Game"
"127821";"Zelda - Shen Qi De Mao Zi"
"1254";"Zelda 2 - The Adventure Of Link"
"1860";"Zen Intergalactic Ninja"
"538715";"Zero Pong"
"153133";"Zhan Guo Qun Xiong Zhuan"
"191962";"Zhan Guo Si Chuan Sheng"
"544415";"Zhanguo Fengyun"
"544391";"Zhanshen Shijie"
"88455";"Zhen Ben Xi You Ji"
"191860";"Zhen Jia Hou Wang"
"88456";"Zhi Li Xiao Zhuang Yuan"
"191960";"Zhong Guo Mahjong"
"191961";"Zhong Guo Xiang Qi - Chinese Chess"
"88457";"Zhuang Qiu Chuan Shuo Hua Zhuang 2 - Ball Story"
"18918";"Zippy Race"
"18919";"Zoda's Revenge - Star Tropics 2"
"78576";"Zoids - Chuuou Tairiku No Tatakai"
"71572";"Zoids - Mokushiroku"
"78577";"Zoids 2 - Zenebas No Gyakushuu"
"553658";"Zombie Calavera Prologue"
"1677";"Zombie Hunter"
"556169";"Zombie Legacy"
"1504";"Zombie Nation"
"559751";"Zombie Zap"
"538721";"Zombiehunter Bob"
"71573";"Zooming Secretary"
"78578";"Zunou Senkan Galg"
"420825";"[Welcome To] Eville"
